 Employee name, Employee surname,Email,Password,Company IP,Last Project,Salary PLN,Knows Networking,Fav Language,Fav color
Arleta,Quan,aquan0@cbsnews.com,3yvQNfCmJ,3633610022,It,13803.00,false,Asembler,#7cb5fd
Pamela,Harbron,pharbron1@furl.net,EDHaPEyQXw,0715071483,Konklux,9988.82,true,C,#e04b89
Marjorie,Rizzelli,mrizzelli2@studiopress.com,Tnc0MVnbY,2707705780,Redhold,10845.51,false,Asembler,#3b1daa
Joshua,Elsie,jelsie3@smh.com.au,c7iU5kHos78,9995847787,Rank,6440.20,true,C++,#6b0c5e
Demetra,Bushen,dbushen4@princeton.edu,hjTYTBhhkLlp,8345860397,Aerified,12997.64,false,C++,#79b796
Fletch,Omar,fomar5@nifty.com,ADmXbNvqhBDf,8098286649,Alpha,16427.94,true,C,#90ae16
Mathe,Mulcock,mmulcock6@slideshare.net,FKb5LS,5832768612,Zathin,15914.29,true,Asembler,#5f1af5
Butch,Cheavin,bcheavin7@bluehost.com,NdFWAWDlGWV,3170080660,Tempsoft,18441.66,false,R,#42746b
Creighton,Matteoni,cmatteoni8@noaa.gov,M7NKupzOR9,5662885311,Toughjoyfax,19780.96,false,Java,#459b8c
Dorri,Webbe,dwebbe9@house.gov,mExa6iVJxm,8739537374,Job,16119.50,false,R,#4dca2a
Joline,Redwood,jredwooda@ask.com,FMGQydTObR3k,8350574372,Sonsing,19183.71,true,JavaScript,#6af930
Freddie,MacLeese,fmacleeseb@nature.com,HmXjEc,8879837958,Bitchip,11709.10,true,Ruby,#c22e4a
Jacklyn,McLagain,jmclagainc@ow.ly,tQ8oibs3Z,1461933986,Span,7441.91,true,Python,#42e116
Jacinda,Tarpey,jtarpeyd@ezinearticles.com,Q2JQDC1vp,6371098241,Matsoft,6526.96,false,C++,#9642ee
Tasha,Giannazzo,tgiannazzoe@twitpic.com,2hMpVAMbnt5l,8412779711,Bitchip,11230.45,true,Ruby,#b94a70
Janos,Cowlard,jcowlardf@example.com,UAMm2Ytxbj,6569833502,Otcom,13094.98,true,C++,#99c70b
Barthel,Roomes,broomesg@godaddy.com,Rl2D5kbWVK8,1489844724,Trippledex,17167.34,true,Python,#ac03f0
Rosalynd,Remington,rremingtonh@phpbb.com,CxiAFcBitEo4,6332604832,Rank,17890.16,true,Python,#2a7899
Misha,Durtnel,mdurtneli@google.com,Tlida3fCGBu,8112272123,Viva,19504.45,true,Perl,#2ee495
Zacherie,Ateridge,zateridgej@oracle.com,yCbN8nfm7q,4127661283,Lotstring,5905.87,true,JavaScript,#ac63f1
Layla,Trayford,ltrayfordk@netvibes.com,cM8MI9bBnimm,3812654989,Fix San,17893.10,true,C,#ac7fb1
Sula,Ferby,sferbyl@earthlink.net,Pz8flpFOF41,8348804579,Span,13442.61,false,Asembler,#15a390
Margy,Apps,mappsm@so-net.ne.jp,bKcjKEeZYQzU,1439519889,Flowdesk,13340.25,true,R,#4370fc
Teodor,Proud,tproudn@redcross.org,SCKSvu,0562136592,Vagram,7117.88,true,Asembler,#9d4eee
Henryetta,Ledrane,hledraneo@oakley.com,2QFHHTKgjf,4576425463,Duobam,5805.01,false,Python,#fb0f20
Beilul,Kimbley,bkimbleyp@umn.edu,B0KqliXapbk,2495683614,Stringtough,13831.96,true,R,#b6dbd5
Sharyl,Arkin,sarkinq@blogger.com,wd1cTHlYqYp0,0892821280,Prodder,9331.17,false,C,#7b96d1
Gertrudis,Tonepohl,gtonepohlr@oakley.com,QaSKxLHZ,4867887366,Zoolab,7550.63,true,Ruby,#f76597
Shannan,Heball,sheballs@wiley.com,wmz2BzMD,1797850865,Alphazap,12823.32,true,C++,#62497a
Pren,Hamlin,phamlint@mail.ru,uDqvmuiQII,7500169426,Namfix,15188.85,true,Python,#b858c8
Saul,Perillo,sperillou@foxnews.com,X1Bz2Q4,6672405259,Vagram,5319.74,true,Python,#931737
Millard,Silley,msilleyv@sogou.com,Ut2HBLEp,5229446188,Quo Lux,15586.56,true,C++,#74d8e7
Becki,Sundin,bsundinw@aboutads.info,TRqQkvh,0042653835,Asoka,11775.95,true,Java,#77ebd0
Bondon,Loyns,bloynsx@wikia.com,WwAOWbCDw6fW,8221222569,Cardguard,8320.14,true,Asembler,#84602d
Valentin,Ziehm,vziehmy@google.es,OL6IOhLYt,8404138281,Quo Lux,10072.07,false,JavaScript,#d18fc9
Bailie,Foard,bfoardz@shutterfly.com,EHuBxa8P,5806970515,Tres-Zap,13188.03,false,Ruby,#0f9546
Kellen,Deakin,kdeakin10@pen.io,eL1PzG,1790319978,Alphazap,4224.87,false,R,#3af575
Bayard,Dumphrey,bdumphrey11@globo.com,PDwWlvh6a,0443797366,Alphazap,16578.76,false,Python,#ffdc0e
Haily,Suller,hsuller12@imageshack.us,YLp4fisZ,3172208907,Zoolab,17775.51,false,Python,#365074
Gayel,Bouldstridge,gbouldstridge13@army.mil,0mdTX4JvNB,0804258015,Stim,8536.74,true,Ruby,#1297b3
Kort,Kummerlowe,kkummerlowe14@wsj.com,sqiZtVohCFz3,6980658476,Redhold,12051.80,false,Ruby,#885e82
Saxon,Lebreton,slebreton15@apple.com,e6KmHLdlq,0626537088,Alphazap,13208.23,true,Java,#e6a1b2
Rori,Mateos,rmateos16@seattletimes.com,9KWRlPc6STe6,8475078893,Lotstring,18641.23,true,C,#7896df
Aigneis,Paxton,apaxton17@tinypic.com,HlJkkIa,1311247181,Prodder,16047.10,false,C++,#8351e9
Craggy,Brackpool,cbrackpool18@360.cn,jKoPTbEci5,9513324311,Voltsillam,6618.38,false,Python,#750c7b
Letty,Donnersberg,ldonnersberg19@opera.com,VeU14Covx,2590339488,Tin,12841.20,true,Python,#7ded86
Ruben,Canto,rcanto1a@wiley.com,phi3294P,7545310276,Bamity,9793.63,false,Java,#b3d714
Worthy,Hise,whise1b@mozilla.com,iBDWN7XhWVb,3138772447,Sonair,9371.08,true,C,#903252
Marsh,Idell,midell1c@miibeian.gov.cn,jtDlcPWVR,3507941708,Bigtax,4946.20,false,C,#012743
Florenza,Lestor,flestor1d@engadget.com,MoDw2v2gfh,4396060513,Wrapsafe,8620.99,true,Asembler,#620a49
Carmencita,O'Lennane,colennane1e@addtoany.com,CkYTTllDGRxv,5540053737,Konklux,14086.41,true,JavaScript,#f7f238
Maiga,Thackham,mthackham1f@yellowpages.com,7d9M1otjdvqp,6612592060,Hatity,17160.98,false,Perl,#e10c22
Tanner,Humbie,thumbie1g@ustream.tv,RP1BabwVnD,4804666176,Otcom,11818.54,false,Java,#d74b06
Phoebe,Byforth,pbyforth1h@slideshare.net,wuQioDmha7Ty,7501812470,Veribet,11183.69,true,Ruby,#b24c80
Hewitt,Tschersich,htschersich1i@apple.com,KUpC8EnCInp,0595979203,Flowdesk,11525.05,true,Ruby,#e1ef36
Adelaida,MacRanald,amacranald1j@google.com.hk,RbKi64pPAW,9486206112,Flexidy,6399.54,true,R,#8e72f3
Wileen,Manuelli,wmanuelli1k@cyberchimps.com,EAkTRG,1189904179,Biodex,19063.77,false,C++,#6cbc6e
Agretha,Matzaitis,amatzaitis1l@pen.io,FWrg6HL,2416582798,Cardguard,6523.76,false,R,#b78d21
Tamma,Garrard,tgarrard1m@hhs.gov,jmt4WF4Pv1v,5017426809,Redhold,9719.17,true,C++,#418913
Stephan,Feldbrin,sfeldbrin1n@amazon.co.jp,1d2Ar5ceaa,6106202729,Biodex,14418.75,false,Python,#2ee8dd
Mitchel,Tumber,mtumber1o@sciencedirect.com,VUhLYrN,5436603386,Domainer,13357.82,true,Asembler,#f3e9db
Theadora,Wybrew,twybrew1p@adobe.com,Cf4F0MC7,5142094859,Bamity,5900.87,true,Perl,#bf109c
Allegra,Bartzen,abartzen1q@digg.com,M82XmsjNS,1197715894,Subin,15104.52,false,C,#85d873
Merci,Schonfeld,mschonfeld1r@skype.com,ynNPwFN,8995807202,Stringtough,13154.86,true,Perl,#55a853
Sarina,Boultwood,sboultwood1s@reuters.com,CtgZx6EfL,7384669499,Flexidy,17103.49,true,R,#5d9bce
Chip,Drache,cdrache1t@networksolutions.com,7aOF76,0561109532,Regrant,8983.51,false,Java,#942d2c
Bert,Chittie,bchittie1u@japanpost.jp,mANHQZoqf9E,1747102334,Job,17344.35,false,JavaScript,#0808af
Reed,Montier,rmontier1v@i2i.jp,weER6wU,0190986573,Tres-Zap,9599.31,false,Perl,#29add2
Dewie,Bortol,dbortol1w@csmonitor.com,dW6qdg,8393341035,Y-find,12295.15,true,C++,#2f328e
Garnet,Rubury,grubury1x@gizmodo.com,RZsZp0b,8603704678,Sub-Ex,11864.24,true,Python,#e573ee
Elissa,Speenden,espeenden1y@ft.com,cyHAZoftkT,6319979763,Daltfresh,17559.24,false,Ruby,#996ebd
Kendall,Metcalfe,kmetcalfe1z@webs.com,L2h1A4CDA,7012064307,Lotstring,8803.51,true,Asembler,#b517e7
Ann-marie,Shillingford,ashillingford20@jugem.jp,RjhqDfWMs,3306218561,Treeflex,5828.23,true,Asembler,#e3a66f
Brandea,Sparsholt,bsparsholt21@fc2.com,RvAyqgRZG1GO,2908650665,Alpha,16006.54,false,Python,#6e1296
Karlie,Jowling,kjowling22@paginegialle.it,T6V5JfiG,1927415071,Wrapsafe,18638.94,false,C++,#fb83f0
Babb,Maccrie,bmaccrie23@walmart.com,HyEWDBvSZ,0916725243,Subin,7427.77,false,C,#9cf8fb
Prent,Karys,pkarys24@buzzfeed.com,A4Hs3UK,7577393266,Voltsillam,18935.68,true,Java,#9e4a21
Nicolea,Cowterd,ncowterd25@webnode.com,5vRo3Azm,1520375468,Flexidy,15037.50,false,JavaScript,#d2c97c
Lockwood,Burgoyne,lburgoyne26@ehow.com,1dgvnnxQIuH,0455984123,Alpha,8621.06,true,C++,#24ad93
Fields,Ianniello,fianniello27@walmart.com,1GS4QQp,8857913570,Keylex,6796.91,false,R,#330343
Annice,Twigge,atwigge28@ca.gov,ho2Xp3z,6344221801,Transcof,8044.15,false,Asembler,#31b375
Fiona,Kynder,fkynder29@prnewswire.com,80bkJz7K,6376654401,Subin,10210.10,false,Asembler,#a8d030
Algernon,Osorio,aosorio2a@163.com,Uz67FtsBA06,8957159983,Rank,19315.48,true,Perl,#cf6ce9
Lurlene,Gagan,lgagan2b@unc.edu,NNgYPk8,4005923208,Holdlamis,4390.14,false,Perl,#574dff
Cordula,Boscott,cboscott2c@buzzfeed.com,yuEDOu4T,9663146923,Stronghold,16876.43,false,Java,#e36eb0
Frayda,Huggin,fhuggin2d@bloglines.com,pdqFk1Ut3,1352807165,Flowdesk,12871.39,true,Java,#844b42
Lisa,Matitiaho,lmatitiaho2e@usda.gov,UwXgqwl7,9653697374,Otcom,16576.36,false,C,#2a0cd2
Rawley,Shepherd,rshepherd2f@amazonaws.com,ExZl5fpd9,2024692443,Otcom,10042.09,false,Java,#ccb11b
Janeta,Darch,jdarch2g@zdnet.com,jCCpZaJo0,1249740339,It,18374.03,false,C,#10b7dc
Auguste,Haslock(e),ahaslocke2h@ow.ly,T7FsDS,9639208744,Aerified,7745.28,true,R,#44042e
Adriane,Eilhart,aeilhart2i@list-manage.com,4iURfL,5033730126,Overhold,15313.44,false,Python,#9347cb
Shea,Diter,sditer2j@alexa.com,dQjrplem,3406295932,Trippledex,19194.26,true,Ruby,#503422
Ami,Tommis,atommis2k@photobucket.com,SL6DsJS4Zt5S,1084996235,Tres-Zap,8713.43,true,C,#d5883b
Giacopo,Cornbell,gcornbell2l@patch.com,DqM9C41,8709930353,Rank,4236.51,true,C++,#c64f14
Zahara,Cuthbert,zcuthbert2m@acquirethisname.com,u1Gmv2Q4Y,3998158170,Viva,11242.76,true,Ruby,#234b01
Emelyne,Easdon,eeasdon2n@telegraph.co.uk,B2rTICOxhix,6276745421,Bitchip,11234.56,false,C,#70683c
Florella,Hanner,fhanner2o@phpbb.com,xF6Wne,5734040045,Redhold,12825.43,true,Ruby,#9582e8
Eziechiele,Cahill,ecahill2p@uol.com.br,t1ELcyVA,0273759779,Zoolab,9433.27,true,JavaScript,#13b56f
Ericha,Hubbins,ehubbins2q@wordpress.com,ksQCbChR,3671128933,Alpha,19804.00,true,C++,#4bf3ae
Ham,Johnke,hjohnke2r@blogs.com,uz58F79T,7362895372,Daltfresh,14389.08,true,Asembler,#8deba7
Staci,Ganniclifft,sganniclifft2s@dyndns.org,kxLgCC6N3f07,6152978718,Wrapsafe,7974.05,true,Asembler,#9334c6
Matthus,Huey,mhuey2t@msu.edu,3jr849crO3,5938647274,Wrapsafe,9580.37,true,R,#a51ee7
Fernando,Pach,fpach2u@mit.edu,PxQG9hu7Gvr,2717771964,Tin,4997.54,true,Python,#3c579d
Osbourn,Havers,ohavers2v@bloglines.com,TWVrQB,1805641204,Opela,17035.19,true,Java,#24b680
Mahmud,Kosiada,mkosiada2w@cpanel.net,LiL9BVeu2QXA,3447128046,Lotlux,9815.39,false,Ruby,#9fcbe8
Broderic,Giuron,bgiuron2x@abc.net.au,eNJilEksro0v,5766194269,Vagram,14393.22,false,C,#556055
Coleen,Fairham,cfairham2y@umn.edu,JOPh7MHYm2,9207662094,Namfix,15794.96,true,Ruby,#75a68d
Rhodia,Hughlin,rhughlin2z@elpais.com,pzmi1Pr7NC24,3819170723,Greenlam,4117.58,true,C++,#d339d5
Hedy,Prawle,hprawle30@sphinn.com,RDElopTW1wA,9415004282,Transcof,17726.09,true,Java,#237ba4
Fredi,Hayley,fhayley31@t-online.de,dT6bkdphU,1538711648,Bitchip,11616.53,true,C,#611bda
Uriel,MacFie,umacfie32@studiopress.com,Jle7Wlv3x,0431384541,Alpha,15720.51,true,Perl,#d5cf6a
Dalia,Fishpond,dfishpond33@salon.com,d0x6jJ4Ja,5807900456,Transcof,17995.61,true,JavaScript,#0beb3d
Perl,Torrans,ptorrans34@merriam-webster.com,ynkaNt4Wplp,8031378185,Andalax,16205.70,true,Python,#714af4
Jessamyn,Kelledy,jkelledy35@indiegogo.com,WPtMrOt,1133292100,Sonsing,4292.37,false,JavaScript,#c9e11f
Lorianne,Kilmaster,lkilmaster36@artisteer.com,EhSCEzDCJ,6383887041,Trippledex,16283.93,false,C,#e22bbb
Xerxes,Forrest,xforrest37@sakura.ne.jp,8A0ie0,1501122061,Home Ing,12705.10,true,C,#207b9e
Odie,Leipold,oleipold38@forbes.com,eGlCN7,2696125961,Temp,13598.29,false,Asembler,#bd2046
Bill,King,bking39@engadget.com,rCI1Oh,5437636784,Asoka,4039.11,false,C,#cf14b1
Judie,Padgham,jpadgham3a@china.com.cn,4diXi2WnqO,9820162149,Flexidy,8353.72,false,C++,#b793ad
Vergil,Benedidick,vbenedidick3b@so-net.ne.jp,tbNso21x9,4311730020,Zaam-Dox,19895.84,true,JavaScript,#3f405a
Rudyard,Dumphy,rdumphy3c@fda.gov,6582Fhiq9,8798081861,Tempsoft,19184.23,true,JavaScript,#4ec4be
Gabie,Tevelov,gtevelov3d@alexa.com,fSIICg,0021416354,Trippledex,12509.28,true,JavaScript,#d547a4
Hussein,Godfroy,hgodfroy3e@wikipedia.org,Gs2qlU0Ze6G,0258860170,Flexidy,6765.62,false,JavaScript,#3d9db3
Marge,Eccles,meccles3f@wikispaces.com,CZePS7gL,0337125155,Zoolab,19662.10,false,Asembler,#2b42b9
Egbert,MacNair,emacnair3g@ocn.ne.jp,6hCUZhILAG2,8609057143,Sonair,15983.68,true,JavaScript,#176d5d
Leicester,Apps,lapps3h@loc.gov,2ILc94c,9633792401,Pannier,12133.56,false,C++,#737985
Dani,Pelling,dpelling3i@cbc.ca,JBuZM5xXMec,4609943603,Prodder,9022.82,false,Java,#dca650
Harri,Darwent,hdarwent3j@engadget.com,taVl8t,6125969568,Latlux,16413.79,true,Perl,#b05af0
Dominique,Ainslee,dainslee3k@is.gd,w308hXC,8361491244,Subin,11438.18,false,C,#e053e4
Rene,Gentric,rgentric3l@nytimes.com,Zqwg2ELx,2709398168,Zoolab,16055.43,false,R,#c9bbd4
Ive,Reap,ireap3m@sina.com.cn,rue04GlhA,1922425575,Biodex,6868.39,true,Python,#899ac4
Goldia,Rodenburg,grodenburg3n@cargocollective.com,dgO64xh5LQ54,2852881500,Ronstring,19955.13,false,Perl,#e62394
Frederique,Kemshell,fkemshell3o@miibeian.gov.cn,fcdTj7e,7622791288,Toughjoyfax,9606.60,false,C++,#229a18
Rey,Sawell,rsawell3p@mozilla.com,FMuGakFZv,9532864822,Domainer,8398.62,true,Java,#1b11f2
Concordia,Lynn,clynn3q@ucla.edu,0MnApyVn0tt,8756182473,Viva,13160.29,false,Python,#161080
Mandi,Castella,mcastella3r@canalblog.com,OF0PqeKkx,4011940216,Domainer,7726.84,true,Asembler,#583415
Dina,Paffett,dpaffett3s@fastcompany.com,z2wJTp,8396225176,It,16426.79,true,C++,#603630
Florella,Metzing,fmetzing3t@wunderground.com,A0Iib3r,1852077603,Ronstring,4961.49,true,C,#d88ca9
Tonnie,Lait,tlait3u@bravesites.com,ZtOslaYBB,2271893291,Span,7817.54,false,Python,#8ac5a2
Gabriella,Spacy,gspacy3v@netscape.com,TxUJ5k2,4624159993,Stringtough,7183.87,false,C++,#f517dc
Ephrem,Bryden,ebryden3w@cyberchimps.com,kAGK2yBAXE9J,1356660525,Sonsing,6131.72,false,Perl,#77a3db
Alejandra,Slorance,aslorance3x@deliciousdays.com,BEVrmduz9w6U,7292566782,Domainer,18770.07,true,C++,#c89461
Robby,Wayne,rwayne3y@mozilla.com,MQiCVUI4,1384149244,Bitwolf,14486.40,true,Ruby,#e176a3
Gwenora,Luppitt,gluppitt3z@businessinsider.com,ZNmMPUcLwRA,1678701300,Cardify,16009.88,true,C++,#4d57a1
Owen,Hardway,ohardway40@infoseek.co.jp,urAi0OLbiG,4472311399,Asoka,10731.51,false,Python,#7f2cb5
Mair,Tainton,mtainton41@lulu.com,AxmbWCc4EuEx,7393664240,Bigtax,12461.89,false,Python,#666006
Lucilia,Moorfield,lmoorfield42@wufoo.com,CBBwc8HcJV,6567650036,Cardguard,17635.59,false,Ruby,#1c0a66
Deidre,Fillery,dfillery43@ed.gov,TTlG6p,3387360991,Redhold,13623.36,false,Perl,#63d1b0
Worth,Gannan,wgannan44@cafepress.com,L1dk3pHxfA5,6308939404,Cookley,16592.31,true,Java,#430bb5
Paolina,McGawn,pmcgawn45@uol.com.br,6wQoBN3,8648754364,Veribet,11144.96,false,Java,#6b7e29
Myrtie,Duker,mduker46@4shared.com,FYjSFZkyAE,5133260989,Fintone,11640.19,true,Perl,#26da92
Englebert,Jewiss,ejewiss47@exblog.jp,ThNCfgAwp3m,5093375136,Bitchip,5928.16,false,R,#b74086
Paola,Kleinhaut,pkleinhaut48@illinois.edu,ROUtw6,7613499618,Asoka,7583.23,false,Python,#ab99e7
Del,Conrart,dconrart49@state.tx.us,WnCnIwxU,7908943241,Asoka,16083.54,true,C,#df2c95
Ingra,Tolussi,itolussi4a@paginegialle.it,OcKayqY9xQNk,3810854352,Cardify,16356.02,false,Asembler,#ed6cfb
Delilah,Chrystal,dchrystal4b@dell.com,AcwdRaJcFVId,5723468456,Duobam,19760.76,true,R,#e398d0
Siward,Brayson,sbrayson4c@shutterfly.com,Di7SXSX,0713023201,Veribet,7495.18,false,Perl,#127636
Thibaud,Dwyer,tdwyer4d@newyorker.com,A2xWbL,4712812125,Asoka,6468.33,true,Perl,#18993f
Hillyer,Simonds,hsimonds4e@jiathis.com,Dnt6up0fhg9F,6769102722,Ronstring,8537.27,false,Python,#8b994e
Florrie,Kerne,fkerne4f@epa.gov,vVo1ZeojKe,4849689345,Quo Lux,12244.47,false,Python,#253531
Barnard,Zuann,bzuann4g@discuz.net,9nn4mTTMPIS,3324704111,Veribet,15239.72,false,Perl,#dc11dc
Quentin,Bannerman,qbannerman4h@cdbaby.com,DhYOx0jCut6,6652008262,Zaam-Dox,16742.92,true,Python,#441e18
Richard,Patience,rpatience4i@alexa.com,polaZSrnhK,2389338828,Home Ing,9087.15,true,Python,#7d6ff5
Shandee,Nappin,snappin4j@liveinternet.ru,myGLlNoH9xn,2836792671,Zamit,14242.16,false,Ruby,#9f0915
Joana,Pyle,jpyle4k@google.co.uk,eIcnOpw,8364713566,Zathin,15445.78,true,Java,#4d77e7
Gannon,Schirach,gschirach4l@indiatimes.com,eKZccfk8D,8580075882,Zamit,16874.49,true,Perl,#eab32d
Ardath,Biagioni,abiagioni4m@nature.com,2Sugw3res4,2711972348,Ronstring,9186.02,true,R,#1efc0f
Marabel,Edon,medon4n@drupal.org,0g59h5,7268305133,Lotlux,7830.44,true,C,#4982d3
Ario,Dary,adary4o@nih.gov,K90qxc,8267756043,Tampflex,13106.98,false,Asembler,#28ec2e
Iorgo,Shilliday,ishilliday4p@sphinn.com,eBuhyL8cPF2,6341819994,Quo Lux,14201.33,true,JavaScript,#71d098
Leontyne,De Castri,ldecastri4q@aol.com,HEuihn,9610845916,Domainer,10482.42,false,Java,#444174
Pattie,Prince,pprince4r@usatoday.com,pWDIRbQ,6732198718,Asoka,14075.48,true,Perl,#328a5a
Madel,Colborn,mcolborn4s@merriam-webster.com,SylhpHp,2209716101,Wrapsafe,9843.18,true,R,#2aa72e
Cecilius,Mulvagh,cmulvagh4t@unesco.org,zy1mZbtF1n,4665675821,Konklux,15900.85,true,R,#780618
Noni,Grove,ngrove4u@google.de,vFZaHPDdG,4641823456,Viva,17846.22,true,Ruby,#a9d946
Shepherd,Jinkin,sjinkin4v@bigcartel.com,WNX9ymzdz2L,0048165883,Tempsoft,19235.66,false,JavaScript,#abc6de
Rooney,Getch,rgetch4w@nymag.com,Uo8ZShNtqm,8759669055,Viva,10960.04,true,JavaScript,#f42e45
Edsel,Honywill,ehonywill4x@who.int,XbrecM6,8967719841,Duobam,8860.22,true,C++,#71c1da
Henri,Culwen,hculwen4y@telegraph.co.uk,BY36WIJ4HXLC,7677408834,Keylex,19887.71,true,C++,#856501
Gwynne,Kassidy,gkassidy4z@businessinsider.com,jpSUZb,8664088438,Job,10830.78,false,Python,#a7bf45
Eimile,Urien,eurien50@bluehost.com,BK4URQO,1390549585,Job,4143.22,true,C,#1dfa5f
Benedick,Randerson,branderson51@privacy.gov.au,XMYQC48ONmaW,8400345851,Bytecard,9777.41,false,Python,#d86f9b
Rosetta,Mowlam,rmowlam52@360.cn,MmLGUrSiG,8502009532,Lotstring,17460.57,false,Java,#024666
Hieronymus,Farthin,hfarthin53@macromedia.com,e34HpZLvQmmv,4625948614,Bitwolf,8751.07,false,Java,#175721
Thekla,Ollander,tollander54@state.gov,oBgXY9xN,7015620359,Hatity,15684.57,true,Perl,#4741af
Ethelbert,Fosberry,efosberry55@ihg.com,FiZ3euAhV5,2669254918,Cardify,10039.55,true,JavaScript,#b407eb
Isabelle,Pegg,ipegg56@jigsy.com,HDqyvcb4A2,2624219854,Span,13392.97,false,JavaScript,#798552
Pegeen,Broose,pbroose57@scientificamerican.com,r7ijb8dfO3BA,9294990079,Lotstring,7637.01,true,C++,#900102
Hillard,Cottie,hcottie58@samsung.com,n1BWzqfi,2102270319,Quo Lux,6743.77,true,C++,#11f8f5
Luise,Frankes,lfrankes59@artisteer.com,Dceg9rlmJIWN,1372144153,Zamit,10111.55,true,Asembler,#0b6646
Winn,Trevascus,wtrevascus5a@tamu.edu,5DGQ6T,7113482015,Tampflex,9181.51,false,Perl,#17e8e6
Herschel,Forestall,hforestall5b@dedecms.com,DPfFNw,2519312394,Holdlamis,8877.50,false,C++,#2b2a33
Lari,Elder,lelder5c@stanford.edu,8LPw0CSEh8p,9768506385,Alpha,19711.20,true,Python,#34b412
Rudie,Higgen,rhiggen5d@ezinearticles.com,AfxyQl1m,7091875605,Asoka,19121.34,true,C,#82b8cc
Breena,Tripney,btripney5e@msn.com,D89J6ABjqi,3652510097,Andalax,7365.14,false,Asembler,#e4211c
Dianemarie,Denisovich,ddenisovich5f@vimeo.com,xsLd2vmf,2553564295,Prodder,4700.75,false,C,#e6e544
Darya,Pedrollo,dpedrollo5g@mapy.cz,1gqBmwsBt,8158785557,Greenlam,5889.31,true,Asembler,#8b635e
Ramsey,Godley,rgodley5h@prlog.org,Mu00fqhns,9039574111,Fix San,19976.62,true,R,#f6e66f
Ediva,Swadlinge,eswadlinge5i@ustream.tv,JTu5TIFOf05,4537357967,Ventosanzap,8606.30,false,Asembler,#4f563d
Sydney,Tosdevin,stosdevin5j@delicious.com,3DIotYbc9O9c,5254018496,Sub-Ex,14613.55,true,Java,#1cd063
Chiarra,Pedracci,cpedracci5k@ocn.ne.jp,z8AmFVs9nQm,5989666756,Home Ing,12432.72,false,Java,#902e88
Consuelo,Heatly,cheatly5l@nba.com,qh3dltq,5961392325,Home Ing,6723.16,false,Ruby,#6a48de
Raina,Helgass,rhelgass5m@addtoany.com,8T1nwpSq,9809809964,Pannier,14967.30,false,C++,#9f56fd
Allyson,Akid,aakid5n@usgs.gov,a6q6Z7BgJ61,7941373742,Voyatouch,13452.91,false,R,#d5c6b1
Archibald,Fessler,afessler5o@elpais.com,XRQTwyzaosf,3281868819,Latlux,18809.00,false,C,#56762b
Jorry,Faill,jfaill5p@aboutads.info,bqbVzSl,9867321286,Tres-Zap,5666.63,false,Asembler,#07a04c
Grayce,Whettleton,gwhettleton5q@mozilla.com,5t65xFHlD0Xc,2885766573,Fixflex,7490.81,true,Perl,#c978e1
Max,Dightham,mdightham5r@adobe.com,RdJmEm6by,6241153358,Wrapsafe,11939.56,false,Python,#2010d2
Diego,Rochester,drochester5s@parallels.com,KZoFZV9yaPqn,2603079824,Opela,7998.20,false,C,#e9df8c
Amberly,Parmley,aparmley5t@npr.org,Xo4mhq,7701208011,Greenlam,7222.29,true,Perl,#6be6f5
Arluene,Dyott,adyott5u@1und1.de,8OV1T32,2935515676,Hatity,6047.57,false,Asembler,#610e4d
Roddy,Tommei,rtommei5v@admin.ch,L197ORhJq,4546343086,Daltfresh,17028.37,false,Ruby,#713cf9
Pierette,Geary,pgeary5w@ask.com,ZjmHgnBMhkZ,6174469921,Zoolab,5281.39,true,JavaScript,#d2e336
Thorn,Keslake,tkeslake5x@blinklist.com,TwJbzYmGoJ,7862396316,Ventosanzap,4563.81,false,R,#fdf141
Erinna,Ingon,eingon5y@multiply.com,wxNqItZEd6,7195266478,Opela,4316.46,false,JavaScript,#2e5c22
Spenser,de Banke,sdebanke5z@livejournal.com,ap06AI1ghfe5,3435609826,Vagram,4359.41,false,JavaScript,#eb16a7
Forest,Seddon,fseddon60@furl.net,kvHrN4,3355737844,Home Ing,14736.74,false,Java,#b3c6ba
Dexter,Streatley,dstreatley61@w3.org,fQVTjIekv1Wc,1203117264,Gembucket,6894.68,true,C++,#3f739f
John,Halbert,jhalbert62@tumblr.com,iaa8RAwJNY2,1410066835,Stronghold,9596.18,true,JavaScript,#78145b
Shamus,Taborre,staborre63@nih.gov,uHTGai9nim,1791671861,Lotlux,15148.76,false,Ruby,#0f49c5
Mable,Heyburn,mheyburn64@discuz.net,DByDgpNsoE,7194865440,Home Ing,4235.24,true,Ruby,#480cec
Cammie,Casino,ccasino65@house.gov,GYN4DYQe,4933566127,Zathin,16690.69,false,Asembler,#60e870
Bram,Clayhill,bclayhill66@sun.com,cvEyWn,4749684007,Tin,13704.91,false,C++,#60bbb1
Shelley,Dalliwatr,sdalliwatr67@latimes.com,X6vjuGyo5DD,2955184594,Cardguard,14165.96,true,Ruby,#d1827e
Yevette,Yurenev,yyurenev68@wired.com,7c5N69IT,7777906283,Temp,19912.09,false,Perl,#e2c5d4
Liliane,Zanazzi,lzanazzi69@wisc.edu,Sw7QgnwYtz,7280923569,Tampflex,7201.98,false,Java,#0ab46c
Anselma,Imms,aimms6a@deliciousdays.com,G2uLnQDY,7348115055,Tres-Zap,10988.77,false,R,#ca4c97
Harrietta,Arnow,harnow6b@yolasite.com,KA3JXRJ,8489066507,Veribet,17751.94,false,Python,#c54f06
Marianne,Pesterfield,mpesterfield6c@hibu.com,NlGI5f,5696994113,Transcof,17576.65,false,Asembler,#12b593
Salvidor,Boyes,sboyes6d@ucsd.edu,X8acLIT,5766710259,Matsoft,11579.88,false,JavaScript,#4e142a
Josy,Flockhart,jflockhart6e@macromedia.com,IVTeT7gPwo,4780594545,Daltfresh,4851.81,true,Java,#d8744e
Niki,McLuckie,nmcluckie6f@goo.ne.jp,y8l8CaG,0539898708,Asoka,6903.07,false,Python,#26ccdb
Heloise,Forsdyke,hforsdyke6g@archive.org,DOeEsDy8drGE,9265423358,Veribet,17644.94,false,R,#de30bb
Theresina,Stening,tstening6h@purevolume.com,kiNvwM,3084542651,Lotstring,7877.99,false,JavaScript,#73d7c6
Ashli,Tuckett,atuckett6i@dmoz.org,71ACfRYFn,3358005666,Gembucket,18141.08,true,Asembler,#698779
Nikolaus,Irnys,nirnys6j@indiatimes.com,Y1tOwmiN2g2K,0578144700,Sub-Ex,14003.65,false,R,#0821a0
Milicent,Blamires,mblamires6k@wufoo.com,KYD0JF3q,7134367800,Zoolab,10144.27,true,R,#1dbe0f
Haily,Roy,hroy6l@foxnews.com,IfeKMQcO6t,0712316469,Sonair,11887.09,false,JavaScript,#567c40
Jayson,Foddy,jfoddy6m@wiley.com,jur03vtGXwME,8329764362,Tempsoft,18336.22,false,C++,#c6a890
Lalo,Kembry,lkembry6n@mozilla.org,l5dsOy1aP6zP,3830391722,Sonsing,9802.55,false,R,#48f1bc
Cozmo,Joll,cjoll6o@nba.com,VD3Mg8Vnx,8985182765,Duobam,10426.53,false,R,#c1c475
Nicole,Riall,nriall6p@whitehouse.gov,bqME3nuq7UI,7127598770,Job,14956.50,false,C,#9c436b
Fancie,Stormouth,fstormouth6q@spiegel.de,fm3w32,8923974919,Lotstring,18606.62,true,Asembler,#9883fe
Gilligan,Pulhoster,gpulhoster6r@umn.edu,wLEMue9TKKzY,7539063343,Daltfresh,4411.70,false,C++,#3a5e69
Daniel,Thorrington,dthorrington6s@wikia.com,NHQDf3x4Hp,9723107546,Bitchip,16434.09,true,C++,#0f32e5
Wynn,Cosham,wcosham6t@sakura.ne.jp,aOONudHRk,7425118742,Zathin,19618.70,false,Java,#82ae76
Florenza,Mariyushkin,fmariyushkin6u@gnu.org,OB2vGeug,2140363760,Alpha,15743.20,false,Asembler,#ef84bf
Stanley,Surridge,ssurridge6v@blogspot.com,ADYngon1ge,2420312104,Rank,14290.04,true,C,#932ae0
Philipa,Poveleye,ppoveleye6w@nba.com,ATUXV55s2,3101058139,Asoka,12224.58,true,Python,#1ee5e5
Dale,Costin,dcostin6x@hubpages.com,XB2f6bcOT0jK,2341755798,Duobam,17143.44,false,Ruby,#b83ce5
Amaleta,Haps,ahaps6y@com.com,HfArRWD7b,9205275999,Zamit,5137.63,false,C,#3af0a5
Ingeberg,Wayon,iwayon6z@salon.com,5IFfQdNlAJ,5350928767,Gembucket,10836.87,true,Java,#4ad634
Kerianne,Heatlie,kheatlie70@over-blog.com,IgEbMh2YPS,6366421803,Fintone,10128.29,true,Python,#f83e7c
Jonie,Johannes,jjohannes71@ebay.com,XEzQrq,8983183004,Zontrax,19107.93,true,C++,#d48afe
Gustavus,Seedhouse,gseedhouse72@amazon.co.jp,SNyPYAkj,3955645061,Voltsillam,19756.94,false,Perl,#de0ef0
Onfre,Mazillius,omazillius73@blogspot.com,1blMJ3ZU,8654657871,Flowdesk,7954.52,false,C,#35074e
Bertina,Mahody,bmahody74@youtube.com,tAe0lS3uF,5046211025,Flexidy,7388.17,false,Java,#12245b
Arie,Soldner,asoldner75@china.com.cn,wVliyPhVG1Gg,0712812407,Prodder,14019.38,true,JavaScript,#6669d8
Gifford,Lenard,glenard76@pen.io,j6Lo6jFGUBR,6418802551,Stringtough,15508.03,true,Asembler,#818c4d
Ruttger,Feakins,rfeakins77@oracle.com,KhjjKoLxU,7950310979,Ronstring,10116.17,true,Perl,#cab06f
Hewett,Suter,hsuter78@nymag.com,awAWLHID0m7,3443940129,Stim,13151.93,true,C++,#aefe11
Pansie,Ortiga,portiga79@shinystat.com,51BzQaQN,3988098272,Stronghold,15104.50,true,JavaScript,#bfc8fa
Nancy,Divill,ndivill7a@tinypic.com,3po6hdQLX4,0788088599,Vagram,6180.15,false,Asembler,#2116f3
Brod,Rosenfarb,brosenfarb7b@posterous.com,QyNh5h4k0JBw,5541826799,Cardguard,10348.48,false,Java,#a52a74
Ethelind,MacMenamy,emacmenamy7c@archive.org,wJjcrXs,1557608008,Lotstring,17466.96,false,Java,#37cc2b
Debbie,O'Leary,doleary7d@mediafire.com,7R1Hvg689,9204904054,Flexidy,14297.68,true,C++,#717373
Dalia,Goldin,dgoldin7e@w3.org,FkVNNHgjrqcZ,7047456473,Cardguard,5527.90,false,Java,#83040f
Bernie,Gormally,bgormally7f@wufoo.com,tLIl6ZH,7656762205,Bytecard,8492.92,false,C,#e20152
Erminia,Ansty,eansty7g@auda.org.au,7OnxSfm,5080019719,Trippledex,10520.91,true,C,#1753db
Reamonn,Hargerie,rhargerie7h@samsung.com,Tuv0yah5gxFh,5196936491,Overhold,6092.91,false,JavaScript,#84d66e
Peterus,McNickle,pmcnickle7i@mediafire.com,RscbbjMo,2542130043,Temp,15059.40,true,R,#25edf7
Edgardo,Dudman,edudman7j@networkadvertising.org,UVHsyLwb,4967168388,Zoolab,16243.17,true,Perl,#13f9ad
Opaline,Munns,omunns7k@comcast.net,epn8dIsyMZvp,1852325658,Greenlam,6096.06,false,Python,#765143
Emmalynne,Thomassen,ethomassen7l@ning.com,UQOdSzj,2288568607,Holdlamis,18686.96,false,Python,#3bf8de
Andris,Ewins,aewins7m@imageshack.us,z4TMqPwly9lR,5952498701,Y-find,18183.74,true,Python,#a0d794
Chiquia,Casoni,ccasoni7n@elegantthemes.com,hfRqA222EYo,0680228101,Cookley,14768.16,true,R,#e9a3e5
Wainwright,Arbor,warbor7o@domainmarket.com,NnhH4IwW,6464164309,Otcom,9117.49,true,JavaScript,#ab1852
Ema,Andraud,eandraud7p@example.com,GTjD293mz,2762972760,Viva,18450.21,true,Ruby,#937b47
Elbertina,Matejovsky,ematejovsky7q@jigsy.com,HESDbtb,4542796558,Tempsoft,16657.61,false,C,#075447
Portie,Micklewright,pmicklewright7r@biglobe.ne.jp,XfxuJD95,8793097662,Kanlam,17762.03,true,R,#cc8085
Veriee,Scothron,vscothron7s@cafepress.com,P75ePxDrPy7,6398399315,Y-Solowarm,14232.32,true,JavaScript,#645816
Gilberta,Coppen,gcoppen7t@php.net,2fhJo1NePgju,8172257058,Ronstring,15924.67,false,Ruby,#952a93
Flss,Suermeier,fsuermeier7u@netvibes.com,nkmXQ1O,8467320478,Voyatouch,12058.98,true,R,#2c42b0
Morly,Bouldon,mbouldon7v@nydailynews.com,61uwH6Xugyh,2768261068,Fixflex,7284.73,false,C,#1fb5ee
Enrika,Bohlmann,ebohlmann7w@joomla.org,bvQlofzk,1257785192,Rank,19517.57,false,Perl,#82902c
Cherilyn,Courteney,ccourteney7x@trellian.com,BE5hhmL,1981693157,Sonair,12911.25,false,Python,#26168f
Mattheus,Snap,msnap7y@oaic.gov.au,cck7Sj1BoL,4188876832,Domainer,8710.30,false,Python,#2ae68b
Delmore,Prazer,dprazer7z@macromedia.com,9VLNmZ,3380734209,Daltfresh,6478.90,false,Asembler,#d8599d
Shaine,Paschek,spaschek80@zimbio.com,6L0fOPP,2104453798,Overhold,19841.40,false,C,#90f7cf
Land,Rozea,lrozea81@thetimes.co.uk,2hukjH23MCz,2411169981,Overhold,16038.19,false,C,#c5df85
Rosette,Imms,rimms82@army.mil,tyXAI5coDooK,9396471720,Tempsoft,7280.30,true,Asembler,#8d39ec
Hailee,Shrieves,hshrieves83@cnbc.com,TwWzZLR,7948274995,Bytecard,10379.75,true,C,#4868a2
Angeline,Ivons,aivons84@ted.com,aQuOx7dWk,4107706206,Tres-Zap,13591.02,true,R,#03d09b
Cecil,Wathall,cwathall85@bloomberg.com,RtQXN6L1hSe,8959188638,Regrant,15565.91,true,C,#7b26dd
Arthur,Pengelly,apengelly86@ovh.net,q1i5JD7,7807518367,Tempsoft,19253.70,true,Perl,#11ba1f
Quintina,Dumingos,qdumingos87@mediafire.com,ArEbkd,6271776205,Gembucket,4740.50,true,C,#3219da
Ajay,Cleveley,acleveley88@blogtalkradio.com,CNOA6Nfmea,8614400896,Bitchip,16211.68,true,Asembler,#425fde
Lauretta,Airy,lairy89@google.de,46bFMy1H0v,3762481814,Bytecard,10411.71,true,Ruby,#0288c7
Fiann,Iorio,fiorio8a@fema.gov,U5PAKjp1eK,2053128054,Tres-Zap,9938.84,false,C++,#340021
Bill,Brimm,bbrimm8b@mapy.cz,GwP4jo3mTs,7509478812,Y-find,16634.45,true,JavaScript,#9707a8
Brena,Tiner,btiner8c@ameblo.jp,0vX6bjZI2VP,7808281670,Hatity,11757.67,false,JavaScript,#248587
Dewitt,Shillan,dshillan8d@sciencedaily.com,eMq99CIa0,8625588492,Matsoft,5715.73,false,R,#35eb05
Frannie,Olpin,folpin8e@youtube.com,wsZzj4fV,4806205125,Overhold,6260.68,true,Python,#8f6cd1
Agosto,Moreinu,amoreinu8f@whitehouse.gov,yfh2gwZ9s1z7,6850225227,Hatity,5241.31,true,Java,#e1c27d
Cyril,Lente,clente8g@desdev.cn,YJZ4gwVYBvp7,2944895133,Lotstring,9739.70,true,Python,#97d8c6
Zitella,Rogister,zrogister8h@samsung.com,4QIrFyR,1097364143,Tampflex,16364.49,true,Java,#7520ec
Sunny,Aggs,saggs8i@cmu.edu,5emWXUPPc,5822313310,Zoolab,8101.43,false,Perl,#877ef1
Fonz,Piccard,fpiccard8j@irs.gov,EcJ1bv6,1874098778,Veribet,11101.98,false,R,#24d1c3
Brear,Pettersen,bpettersen8k@whitehouse.gov,xIRfFAe,4015839684,Redhold,18843.30,false,R,#810dee
Rubina,Thumnel,rthumnel8l@nhs.uk,4qPJmr,7443943431,Y-find,7202.74,false,JavaScript,#31320c
Doro,Blennerhassett,dblennerhassett8m@usda.gov,lkyITBvo,0456651128,Ronstring,11881.23,true,Ruby,#6eb811
Esme,Bodicam,ebodicam8n@theguardian.com,JRU9vv,5046112248,Regrant,7639.14,false,C++,#95fb10
Floyd,Igo,figo8o@walmart.com,AmEsCjjn2xy,1383313008,Lotlux,9932.99,true,C++,#91b79c
Euell,Garatty,egaratty8p@com.com,u51eQSvE,1910957232,Stringtough,16574.78,true,Java,#a44371
Freida,Devonside,fdevonside8q@1und1.de,vfiYQIQb,0771206763,Cookley,12629.61,true,Asembler,#081352
Bone,McKeaney,bmckeaney8r@surveymonkey.com,846RomT7k,0364070854,Cardify,12225.79,true,Java,#9ea7af
Jeane,Rought,jrought8s@wordpress.org,6plcMt,3273759291,Holdlamis,18874.92,true,R,#229aa7
Tome,Kirby,tkirby8t@guardian.co.uk,rCQ8Ujw,4316715356,Prodder,15201.89,true,R,#84a88d
Suzann,Neame,sneame8u@creativecommons.org,3SVLJZJjSK,7945523226,Temp,18967.71,false,Java,#6b262c
Aurea,Jenyns,ajenyns8v@dailymotion.com,hUt6vaNtBS5,3651492036,Daltfresh,5771.58,true,Asembler,#e6601b
Yvette,Shera,yshera8w@g.co,WGWbMOMK,9660654251,Alphazap,9721.74,true,C++,#17594d
Cris,Pogg,cpogg8x@xinhuanet.com,Dz0iS8NupCMT,9078819510,Stringtough,17363.82,true,C++,#4873df
Malynda,Rosedale,mrosedale8y@sun.com,oFW57doN7bD,0822615053,Bitwolf,7412.81,true,Python,#ac11fd
Quintus,Yurivtsev,qyurivtsev8z@google.ca,QJEwBgK855k,6500779150,Treeflex,7560.44,false,Perl,#929e09
Quintus,Thackeray,qthackeray90@nba.com,ETUDKFbDQA,4504715899,Voyatouch,16529.88,true,Java,#5a7089
Pablo,Sachno,psachno91@discuz.net,OFNhgmRx,5701873080,Tempsoft,9759.76,true,Ruby,#06d199
Roobbie,Hudel,rhudel92@japanpost.jp,fZQdQz,3108879014,Kanlam,11989.08,false,Ruby,#7881b7
Leigh,Harlett,lharlett93@microsoft.com,HDNmK76,9011768361,Opela,5538.39,false,C,#c60f81
Ross,Blake,rblake94@prlog.org,GQqHrgYMxnWJ,4987002167,Fixflex,7826.95,true,C++,#224309
Adriana,Muccino,amuccino95@berkeley.edu,RYGGrEpVAr,8640586659,Subin,17415.22,false,Java,#3c6fa1
Oberon,Greenroa,ogreenroa96@godaddy.com,onTpZyDTfK6,8599661191,Transcof,18566.74,true,C,#465fdb
Scottie,Tripean,stripean97@live.com,Pw02ktlb,5443116878,Tresom,5937.67,true,JavaScript,#120fea
Wallache,Niblett,wniblett98@netscape.com,t3rbGapIB,4242315422,Voyatouch,8313.07,true,Perl,#034c03
Adelbert,Alldread,aalldread99@csmonitor.com,v4F8c4qbv1,5150752789,Kanlam,17376.85,false,Asembler,#a417f1
Ade,Neno,aneno9a@free.fr,pjwErlvQcUyK,8504400085,Fix San,16523.11,true,Perl,#017d9b
Stella,Drewery,sdrewery9b@google.fr,HjGRGb1,7004423603,Fix San,7851.97,true,Python,#31df04
Darcy,Edgcumbe,dedgcumbe9c@vk.com,lVt6xHCjfCt,0020699603,Konklux,7775.92,false,R,#a4fc96
Yolande,Yashaev,yyashaev9d@china.com.cn,oFPLD6nJ,7281986319,Tempsoft,9355.96,false,Python,#f55ed9
Tabb,Leeke,tleeke9e@washingtonpost.com,6NPKI6mbC3R8,3352572240,Hatity,5000.46,false,JavaScript,#221b5f
Tabor,Weekes,tweekes9f@jugem.jp,VSSNe8KjRmW,9315469682,Hatity,5658.34,true,JavaScript,#15a598
Gertie,Warrick,gwarrick9g@hubpages.com,KJcWGsUHA,0206229127,Zoolab,16629.09,true,Asembler,#bd761c
Carlie,Kilfeather,ckilfeather9h@techcrunch.com,pCJxh88,9102959798,Home Ing,13021.55,false,Python,#0813a6
Lind,Wildsmith,lwildsmith9i@senate.gov,uQs1O1D,5236320666,Tampflex,14673.94,true,C,#e3a0df
Melba,Biggans,mbiggans9j@icq.com,SPpVa3,8734519343,Y-Solowarm,17210.92,false,C,#6d9bbd
Millicent,Jordon,mjordon9k@lycos.com,UNqK2FDYIV,2861392290,It,8719.58,true,Java,#71c05a
Emmanuel,Crim,ecrim9l@prlog.org,U0VUOR6wT,1027465897,Sonsing,4301.04,false,Perl,#26a50f
Delia,Armfirld,darmfirld9m@google.cn,o9KmRz9YZ1Vs,3532434083,Zoolab,16853.62,true,Perl,#67fa1e
Fanni,Matheson,fmatheson9n@pen.io,iDK8TeaSJc,6747105494,Rank,10255.19,false,Perl,#6ed12b
Kira,Scholard,kscholard9o@independent.co.uk,9CCg0ZHir,7703383678,Sonsing,17217.67,false,C++,#4bad54
Nesta,Dallewater,ndallewater9p@tiny.cc,CVfpw9DB,5840322504,Wrapsafe,14681.90,false,Python,#b567a3
Bethany,Brunger,bbrunger9q@instagram.com,XGCSV08Ztb,6256690362,Treeflex,10746.91,true,C,#dbe020
Alvin,McCreery,amccreery9r@mayoclinic.com,w7Ndt9mWS,4113301204,Aerified,15705.05,false,C,#c5d341
Misty,Godly,mgodly9s@sohu.com,TUO1Da7dqo,0474861708,Prodder,16282.02,true,Ruby,#a0489e
Sayre,MacAulay,smacaulay9t@state.tx.us,382xKY,4202897390,Duobam,6506.94,false,Perl,#f2f60e
Layton,Skippon,lskippon9u@163.com,MRNfIrDWneC4,0216655692,Tampflex,10020.03,false,Ruby,#5a3efe
Ara,Manvelle,amanvelle9v@clickbank.net,3jewmXmoAz7,2757875507,Tampflex,9708.73,false,Perl,#2912e7
Gherardo,Redhole,gredhole9w@gizmodo.com,FFeLIiLUrP,0734123159,Cardguard,19229.45,true,Ruby,#cc8031
Bessie,Featherstone,bfeatherstone9x@163.com,7fMXACiTTXG,7939116444,Konklab,8349.78,true,Ruby,#d61cdc
Kelsey,Jilkes,kjilkes9y@flickr.com,6hVFZvkoi9d,0235981826,Opela,13921.07,true,C,#9515f8
Amory,Gates,agates9z@dion.ne.jp,tnYFmDS2Qs5,0262920484,Y-Solowarm,12171.42,true,Asembler,#a283b8
Alberta,Chevins,achevinsa0@youtu.be,oKkKvV,6171302112,Transcof,17530.43,true,Perl,#1883f9
Lizabeth,Rives,lrivesa1@macromedia.com,TDgAwF,1126479365,Bamity,15009.22,false,C,#43ebd9
Jabez,Chennells,jchennellsa2@bloglines.com,OuhpuS,0074483188,Ronstring,7275.50,true,JavaScript,#1d0472
Wren,Rosekilly,wrosekillya3@ca.gov,Cgpgxk5tY2C8,7170480360,Zamit,19911.92,false,Perl,#571aa2
Virginia,Nassau,vnassaua4@mayoclinic.com,ehbk73mInlo,6907691957,Wrapsafe,4785.51,false,Perl,#e201a3
Galen,Neeves,gneevesa5@wiley.com,A8lQpbbcSgVR,1606576208,Stronghold,13698.97,true,C++,#5ec4b7
Averil,Glanton,aglantona6@cargocollective.com,quNfyARN4d,6309463594,Tin,10680.91,false,JavaScript,#942256
Maisie,Bengle,mbenglea7@booking.com,5WIkcKq,6803869881,Ronstring,5683.54,true,Perl,#a156d2
Tymon,McWaters,tmcwatersa8@dagondesign.com,1ahfCGBkSSGx,7386958706,Fixflex,5256.21,true,Perl,#dad257
Giorgio,Darwen,gdarwena9@last.fm,B1HBxzj,9699280352,Namfix,17018.59,false,Asembler,#19f6c4
Lothario,Sappy,lsappyaa@seesaa.net,s1AaNDaIzT2R,8881548917,Namfix,5104.23,false,JavaScript,#871c45
Bernadina,Kabisch,bkabischab@instagram.com,CBHtHpRPb0,5362538659,Flowdesk,18708.57,true,C,#0b5201
Marylinda,Gehrts,mgehrtsac@yale.edu,On4xShQ,9006370819,Sonsing,9797.61,false,C,#c03aa9
Kenna,Merryweather,kmerryweatherad@weibo.com,SFSH1gZi,5864763594,Viva,10721.26,true,Java,#455b93
Randal,Prestage,rprestageae@sohu.com,4CIpqoTNk,6254951274,Andalax,7117.51,true,Python,#cd6b99
Maynard,Wace,mwaceaf@examiner.com,ZBfeml9M,0884583791,Mat Lam Tam,9783.96,true,JavaScript,#645bf8
Ricca,Croxton,rcroxtonag@nyu.edu,1UnIWk,2263389962,Greenlam,8025.22,false,Ruby,#8d5224
Dahlia,Blasik,dblasikah@ovh.net,W3tEXIkM1,9083357937,Duobam,14644.60,false,Python,#c8de6a
Guido,Bulward,gbulwardai@ucla.edu,DMt3y6Zx,8932789487,Fix San,11230.27,true,Asembler,#00ea3b
Angelita,Pawnsford,apawnsfordaj@sina.com.cn,SYMsbf,7170633736,Rank,13751.97,true,JavaScript,#91bdd9
Gwenny,Stanyard,gstanyardak@is.gd,z8bcDiqc7,6220023544,Cardify,10051.51,true,R,#08fd68
Stanford,Buttwell,sbuttwellal@sphinn.com,4siOAAprWKfK,9514840151,Daltfresh,8257.51,true,C++,#440075
Ulrica,Quinn,uquinnam@ucsd.edu,8D2CLTYODg,1296355055,Latlux,13150.39,false,Ruby,#e0acda
West,Greystoke,wgreystokean@miibeian.gov.cn,0IrRMtQOu,1131306805,Ventosanzap,13025.05,false,Ruby,#3ee80d
Richie,Siely,rsielyao@howstuffworks.com,xjSS27,5199419676,Job,16318.82,true,C,#cf551a
Lucila,Flann,lflannap@dell.com,Iehqf2MYA3B,4442239274,Pannier,5940.84,true,C,#cc9756
Fair,Fitchet,ffitchetaq@berkeley.edu,6d6CQNgV1PK,8832729091,Treeflex,7396.65,true,R,#87e692
Jeannette,Quinn,jquinnar@cmu.edu,9Helg3QOaDlE,2799513263,Home Ing,18205.47,false,JavaScript,#118b4a
Duncan,Narraway,dnarrawayas@hc360.com,5OA4m2dJT,6353237154,Toughjoyfax,15720.66,false,Java,#9bc330
Brice,Halahan,bhalahanat@topsy.com,2N4Tsdotgk2,8195878644,Alphazap,16162.18,true,Asembler,#141b8c
Gavan,Jendas,gjendasau@over-blog.com,3oDOujmxT,4280975213,Bamity,11843.31,true,C,#2f8c8e
Hobey,Crispe,hcrispeav@digg.com,IkurmxgbvnEr,1168413540,Tres-Zap,18473.44,false,Ruby,#ef43cf
Kathi,Brussels,kbrusselsaw@google.co.uk,shzhjv,0602881404,Prodder,19025.17,false,R,#2da598
Reyna,Cranfield,rcranfieldax@craigslist.org,1tat26whpz,1940129974,Stronghold,4533.87,true,Java,#e1ecd9
Avrom,Rickardes,arickardesay@ucoz.com,7AhVlwAr,5363771012,Sub-Ex,13727.45,true,Python,#fee2ca
Deni,Scatchar,dscatcharaz@gravatar.com,UKPiE9An,2176504046,Regrant,15446.31,false,R,#a0a2ef
Morlee,Dodgson,mdodgsonb0@squidoo.com,V0WSxbX,1263595502,Duobam,18723.93,true,C,#c638e6
Dare,Yardley,dyardleyb1@mayoclinic.com,6OrzTA,5244180339,It,18939.80,true,Asembler,#f85c99
Meridel,Nisco,mniscob2@rakuten.co.jp,BtrzRVZ,2443363821,Biodex,10490.16,true,Asembler,#2be2c9
Virge,Gerrans,vgerransb3@vinaora.com,sNxdD4o,0218729324,Y-find,5980.15,false,Perl,#9febc7
Brynna,Cumpsty,bcumpstyb4@elpais.com,u7nR8KO,7393339331,Bitchip,14012.89,true,C++,#1bba03
Alejoa,Nesfield,anesfieldb5@ameblo.jp,9baDPyZ3Kqec,1535983647,Stringtough,5211.45,false,JavaScript,#30e77f
Mort,Tressler,mtresslerb6@tripod.com,L9fS2jI,5079899964,Keylex,19433.04,true,Python,#2cde89
Enrichetta,Canada,ecanadab7@geocities.jp,TC0Qyrz3p,4358619851,Ronstring,10971.00,false,JavaScript,#27d0cd
Gordon,Copcott,gcopcottb8@barnesandnoble.com,3ROMMu1Et6,7540271809,Vagram,16672.11,true,Asembler,#163403
Germaine,Vasyushkhin,gvasyushkhinb9@fda.gov,2Wslki0z,9116054164,Fixflex,4302.36,false,C++,#8db60d
Justen,Apark,japarkba@apple.com,bAYCH8F8HTa,4749749958,Bitwolf,8474.90,false,R,#223efe
Clo,Tidswell,ctidswellbb@ehow.com,BwfKFo,6567205601,Opela,8519.87,true,C,#bacb62
Buckie,Heaysman,bheaysmanbc@g.co,WlzxUnT8ZcfQ,3705600311,Bitchip,11746.05,true,R,#12c60c
Fabiano,Fawlkes,ffawlkesbd@goo.gl,2pFrtAi,2190569176,Y-Solowarm,12693.67,true,Python,#352d99
Cleopatra,Bartolomeoni,cbartolomeonibe@wikimedia.org,Uv7tuSn,4649702771,Andalax,8578.48,false,C,#2b5e71
Carley,Frushard,cfrushardbf@eventbrite.com,kdYPzXFwCeQh,8248294358,Fixflex,13148.35,true,Perl,#6920b8
Blythe,Terbrugge,bterbruggebg@huffingtonpost.com,LOBSb7ar4cS,7027785625,Transcof,18845.32,false,JavaScript,#d548fd
Antoine,Stouther,astoutherbh@yandex.ru,wfYZHuB,2694858481,Namfix,12336.29,false,JavaScript,#95b228
Gabi,Denny,gdennybi@bandcamp.com,AdLW9PMAPcw,4887270062,Keylex,9235.10,false,Asembler,#bece7f
Lenee,Woolbrook,lwoolbrookbj@sun.com,reN7kwCwGX,6133384565,Veribet,17770.54,true,Perl,#c52fe6
Gloriana,Postgate,gpostgatebk@who.int,TCskOc36OBCK,3940573639,Fintone,6375.32,true,R,#f5798e
Cullin,Pinchon,cpinchonbl@usa.gov,60iR8x,4085471945,Vagram,5362.18,true,C++,#79d9e1
Mordy,Vanyushkin,mvanyushkinbm@desdev.cn,zgeaojj0a,1978979347,Flowdesk,16830.07,false,Java,#d4665d
Warde,Hutchason,whutchasonbn@delicious.com,AbQC5Yf,8929585930,Duobam,17210.20,true,Asembler,#87841f
Lani,Kuschek,lkuschekbo@odnoklassniki.ru,5xAL2LHcL,2960668774,Zamit,12291.65,true,Python,#8f6ddb
Sarah,Hellmore,shellmorebp@fema.gov,uoldudrTHkgW,7376002804,Stim,7507.56,true,R,#aa23f8
Estrella,Glowach,eglowachbq@nydailynews.com,HAqetI8,5909668072,Y-find,5319.68,false,Ruby,#384def
Perren,Yandle,pyandlebr@phoca.cz,IwU7ac5LlVl,3611437980,Tres-Zap,18897.35,false,Perl,#005d53
Arthur,Drinkale,adrinkalebs@prweb.com,2HhfdAxBZ,9483634776,Ronstring,10619.74,false,Asembler,#323243
Theodora,Manvell,tmanvellbt@cafepress.com,4zglDLKJzvP,6088190973,Konklux,7881.77,false,C++,#648354
Pennie,Brabyn,pbrabynbu@wunderground.com,iTqHiXM,4526838039,Temp,17918.34,true,JavaScript,#ee2caf
Elmira,Wiley,ewileybv@slate.com,iDtYcJFB9a,6439317652,Hatity,18001.76,true,C,#bf53d7
Timothea,Alessandrelli,talessandrellibw@studiopress.com,Welrnwq,0556905091,Job,7455.25,true,C++,#aac3ca
Keary,Matis,kmatisbx@technorati.com,7VxQMD0ZaaW,8963325822,Ventosanzap,9421.57,true,Asembler,#383f0d
Ladonna,Choak,lchoakby@dedecms.com,LTCUvK,6309867660,Prodder,7057.11,false,Java,#e1b29d
Edsel,Hadfield,ehadfieldbz@epa.gov,MXltG2GEIzK,4759541276,Flexidy,8490.11,true,Ruby,#f5325a
Cicily,Spring,cspringc0@shutterfly.com,XG8NNQ,2978713364,Duobam,4619.68,false,Ruby,#de792d
Conrad,Radke,cradkec1@huffingtonpost.com,vu4BemB7mZ,0669956627,Konklab,8282.00,true,Perl,#868ea5
Irvine,Hacon,ihaconc2@sciencedirect.com,I55l0j3G,3514489785,Rank,18755.99,true,Ruby,#bc876a
Emmaline,De la croix,edelacroixc3@ft.com,jm9fnXCT,4044708673,Lotlux,10701.60,false,C++,#7c2fba
Skye,Ellingworth,sellingworthc4@wikipedia.org,DBCBysCG,6439776657,Alphazap,5381.56,true,Java,#463b17
Olag,Malcher,omalcherc5@virginia.edu,jVOoQ0Q4Ua,9349747073,Fintone,5084.69,false,Python,#7f4ed3
Brandyn,Newiss,bnewissc6@adobe.com,W5ZoSGXBJ,7681085424,Lotlux,5228.38,true,Python,#8432b4
Dorene,Boscher,dboscherc7@sohu.com,WU814CfflO,5120516173,Bamity,11399.65,false,Java,#0142f0
Irina,Burwood,iburwoodc8@washington.edu,VeZioxLbw,6043385031,Flowdesk,17289.72,false,JavaScript,#38df2b
Mufinella,Gehrts,mgehrtsc9@lulu.com,WLaBVrhGkVSb,2798147123,Konklab,18229.84,true,C++,#1a4fa0
Ibbie,Mabley,imableyca@virginia.edu,LonMkgFxB,7233246645,Stringtough,9957.14,false,R,#f7c7a1
Hattie,Halgarth,hhalgarthcb@weibo.com,blvtpjaarOwD,7152671567,Overhold,15064.30,false,Perl,#6001e4
May,Millott,mmillottcc@uol.com.br,ZUhHs6t,1715824199,Y-Solowarm,12380.45,false,C,#bf22a4
Griffin,Wimbury,gwimburycd@deviantart.com,M3Fq0Q,2810165017,Alphazap,12860.47,true,Python,#eb83c0
Dilly,Depper,ddepperce@nationalgeographic.com,vqczWne7m,7339982868,Cardify,12987.94,false,Python,#175922
Vikki,Ormesher,vormeshercf@friendfeed.com,IqNz1Gjpq,9789803737,Fixflex,18761.74,true,C++,#ea4cbf
Gabby,Pietzner,gpietznercg@imgur.com,X2P7xj,0631887970,Lotlux,6039.53,false,R,#156e74
Malena,Whatford,mwhatfordch@scientificamerican.com,KokAkw,0689950489,Konklux,7133.80,false,Python,#80a743
Henrik,Canham,hcanhamci@trellian.com,RnN49K0Oo,4263537211,Ronstring,8262.59,false,Perl,#aeb8fd
Edgard,Jansema,ejansemacj@dropbox.com,rD9DOp0,7682760036,Fix San,16008.25,true,Python,#77b26e
Keith,Walcher,kwalcherck@salon.com,mOyxB3V7,3528691719,Aerified,5711.87,true,Python,#8b4b6b
Lin,Bever,lbevercl@auda.org.au,cpyBVpifZ,7908086683,Zathin,6387.14,true,Perl,#b8ad20
Odelinda,Errichiello,oerrichiellocm@lulu.com,CTB8lX1xaXmV,4442145695,Opela,11357.84,true,Perl,#74a2e4
Christiana,Franzonetti,cfranzonetticn@businessinsider.com,kdAhlWBLDGup,5676824883,Sonair,8601.80,true,Perl,#cc8ac0
Ingunna,Loren,ilorenco@oakley.com,nIb5EdB,6541774978,Tampflex,12913.91,true,R,#b6a404
Gray,Duetsche,gduetschecp@nsw.gov.au,WvAq0AOgFG6,2382323213,Duobam,4259.69,true,C++,#130e87
Celestyn,Bowser,cbowsercq@google.co.uk,TwyYrW,7987336459,Andalax,16732.33,true,R,#fcafa2
Brande,Stoffers,bstofferscr@nyu.edu,Vp2erzSOfLVU,0464431786,Stringtough,19813.59,false,Ruby,#64a228
Billye,Cremer,bcremercs@seattletimes.com,gwo2jTmpVTUj,4012887823,Regrant,19643.81,false,Asembler,#7231c4
Lexie,McMorland,lmcmorlandct@sogou.com,z36suOrUAJ,5200498678,Konklux,9386.39,true,Python,#ace194
Lillian,Petras,lpetrascu@g.co,ouHSDdtJ,0975848062,Transcof,14431.68,false,C,#379b3e
Quinn,Falconer,qfalconercv@narod.ru,eBA7Rgjy,6034660599,Ventosanzap,10683.33,false,JavaScript,#5bf535
Budd,Linley,blinleycw@umn.edu,5xH4IAhbAta,3124188985,Otcom,15243.10,true,Python,#ad6b44
Tobias,Piggens,tpiggenscx@merriam-webster.com,mIkYUkmTnG2,1962616746,Subin,8886.04,false,Asembler,#600e59
Nelly,Tullett,ntullettcy@edublogs.org,os4z0mb7,1158826389,Quo Lux,7955.70,false,JavaScript,#1540d2
Nanete,Passey,npasseycz@answers.com,UTL8La7QJRV8,7887238803,Hatity,5924.89,false,C++,#4038d0
Rosmunda,Domenc,rdomencd0@artisteer.com,nolbXH61,2294953495,Domainer,14920.33,true,C++,#4d8d27
Arni,Bothen,abothend1@typepad.com,E0V8a3mmg,0108758192,Home Ing,17324.43,true,C++,#ad74b5
Hailey,Ingleston,hinglestond2@ft.com,fEPEda,4783715556,Bamity,9150.14,true,C++,#ea0f91
Emelia,Hardwich,ehardwichd3@lycos.com,NkThxto0r3Kz,1808531876,Regrant,10992.89,true,Ruby,#5c949c
Nerte,Payler,npaylerd4@webnode.com,Pj1e6m4,1667422413,Gembucket,17229.52,false,C,#5d5582
Kenton,Handrick,khandrickd5@typepad.com,z66hJJP1N,1522856854,Greenlam,13184.33,true,C,#1d2c79
Nikolaos,Vane,nvaned6@census.gov,fmDtmjEfM11,5349614967,Hatity,13903.32,true,R,#7f27f7
Valeda,Sauvage,vsauvaged7@sphinn.com,EiuqEezX,2468083970,Lotlux,14022.50,true,C++,#bb036f
Bernarr,Bush,bbushd8@kickstarter.com,jaJJUjzN,8839487948,Fintone,10436.51,true,Ruby,#808b2b
Enrique,Kemwal,ekemwald9@europa.eu,t5j4Achh1CE,6202610387,Fintone,14726.84,false,JavaScript,#220bc8
Daloris,Eberlein,deberleinda@hibu.com,SdR2ECIgR,8357811140,Holdlamis,11291.42,true,Ruby,#ae17eb
Karin,Derges,kdergesdb@google.ru,dulgME7WN,3989311212,Wrapsafe,6780.44,false,Python,#812150
Chrystal,Onn,conndc@harvard.edu,gfgPVW,9201288824,Overhold,19894.31,false,C++,#4ac013
Ivar,Kyndred,ikyndreddd@vk.com,EhcHBo,5786493431,Greenlam,15580.47,false,C,#5a2928
Arliene,Pridie,apridiede@examiner.com,ZJMKmEg,7166568895,Transcof,8680.18,false,C++,#37a7e3
Melli,Sergent,msergentdf@msu.edu,Rj1hAB,7088870398,Pannier,13862.81,false,R,#20891c
Albertine,Murton,amurtondg@webs.com,aZ4F0zj,7832970162,Duobam,19241.71,false,Perl,#5d8d7c
Lyman,Peert,lpeertdh@delicious.com,flOXK4qLUpP,6281916255,Lotstring,10693.15,false,Java,#a4a32e
Isac,Kuhle,ikuhledi@constantcontact.com,S0QeZxA0Yl,9186113445,Daltfresh,12862.43,false,R,#ffce4c
Benito,Moulster,bmoulsterdj@eepurl.com,yjylDx,8820521431,Temp,6749.26,false,Java,#5d7620
Germaine,Sailor,gsailordk@jimdo.com,O91M2c,5291941383,Sub-Ex,15107.12,false,Python,#0e6a6d
Morna,MacCostye,mmaccostyedl@wiley.com,CPH9Cwke6C,4320825403,Alpha,10950.61,false,Asembler,#3e683b
Rabi,Kidstoun,rkidstoundm@samsung.com,G88UH6hu,4444084251,Toughjoyfax,10078.09,false,Perl,#8b0cec
Arline,Impleton,aimpletondn@geocities.com,N7M39bOIpS,6479715012,Biodex,10388.98,false,C++,#ffcdbd
Xylia,Feavearyear,xfeavearyeardo@wikipedia.org,TXEPoGTvh,2272509444,Alphazap,14967.08,false,Asembler,#f78624
Maryl,Furmston,mfurmstondp@businessweek.com,JkzOHPN2SWnA,7069585152,Treeflex,16457.57,true,R,#229c00
Armstrong,Oldam,aoldamdq@tmall.com,7Y5w5j,1886064989,Tampflex,13088.24,false,Java,#e5c93c
Ikey,Scruby,iscrubydr@over-blog.com,Kf3w2DqAbex,2876079518,Stringtough,15464.22,false,JavaScript,#9d5c12
Fletcher,MacKim,fmackimds@cmu.edu,3JEsaUZh,9541129838,Viva,16806.22,false,Perl,#79eb47
Palm,Roughley,proughleydt@diigo.com,57FEosc,0526395869,Hatity,14994.40,false,Java,#2ae1c8
Juliana,Birth,jbirthdu@china.com.cn,AZ2znfvry,2444517040,Andalax,18284.31,false,C,#54c3ca
Meg,Nehlsen,mnehlsendv@phoca.cz,awMZuFk0dxi,1788903633,Holdlamis,11179.26,true,C,#27bf80
Lenore,Melpuss,lmelpussdw@4shared.com,aXx803j,0323672485,Kanlam,18826.64,true,JavaScript,#2428fb
Griffie,Mc Gorley,gmcgorleydx@reddit.com,di9QO9426AJD,3829520441,Treeflex,18934.53,false,JavaScript,#837f15
Nickolaus,Heers,nheersdy@umich.edu,4prwZ6K,7269043043,Flowdesk,19106.70,false,C,#a957ff
Penelope,Pavlata,ppavlatadz@yolasite.com,JskWZwSMS40,5842852616,Bamity,9492.41,false,JavaScript,#49b0b8
Andrei,Renfield,arenfielde0@theglobeandmail.com,TbDl708dmy,9441547646,Greenlam,8441.00,false,Perl,#6655b3
Blanch,Drohan,bdrohane1@naver.com,oYNrU8HG05,6330122520,Span,5371.15,true,Ruby,#bb79a3
Elfie,Wenham,ewenhame2@acquirethisname.com,1wxJwc4rOlZ,6566931120,Span,17199.08,false,JavaScript,#f59d0d
Jan,Feild,jfeilde3@jimdo.com,j58a5rcaPgu,8937656221,Biodex,11972.30,true,Python,#8feca4
Michelina,Duignan,mduignane4@sun.com,1fkf1o,5896360657,Y-Solowarm,4749.13,false,C,#421550
Lynda,Pinkney,lpinkneye5@vinaora.com,KCZcLrA4px,5498215622,Job,17792.36,false,Perl,#8151c0
Yehudi,Aleksankov,yaleksankove6@nationalgeographic.com,6kEfsjgPk1Nl,5769004592,Matsoft,5052.67,false,JavaScript,#da1327
Anjela,Wilne,awilnee7@altervista.org,KRb837P,0568850491,Sub-Ex,8244.43,false,Java,#671791
Madelina,Lahiff,mlahiffe8@reddit.com,b0mFMEIWSx,4241416470,Ventosanzap,8807.71,false,R,#b259b0
Hyacintha,Lackie,hlackiee9@ft.com,uDpsidl2Y,9775627370,Stringtough,10423.06,false,JavaScript,#618ef9
Barb,Trimble,btrimbleea@techcrunch.com,wKeifshDCYL7,1199368946,Y-Solowarm,19728.88,false,Java,#4205de
Matthus,Osbourne,mosbourneeb@ycombinator.com,GENhpjfot,9814039438,Cardify,14954.64,false,Perl,#9c538d
Morse,Brandel,mbrandelec@so-net.ne.jp,SBOpfEy,8808109623,Opela,14806.92,false,Python,#e41e52
Ive,Walesby,iwalesbyed@rambler.ru,eLXHAVV7V,7067318734,Y-find,4810.41,false,Python,#1b4376
Avictor,Flewan,aflewanee@myspace.com,OzvCdKQssPu,9673300046,Regrant,6074.96,true,C++,#0ac862
Bernice,Raraty,braratyef@disqus.com,gDOW83m,9834716680,Home Ing,10939.42,false,Java,#e3ec81
Inigo,Oxshott,ioxshotteg@opensource.org,zU3Z3mUMerQ,9288652817,Sub-Ex,5090.01,true,Asembler,#7ad01c
Damaris,Fisbey,dfisbeyeh@domainmarket.com,6gRrMVBkf,3693880263,Job,9309.80,false,Asembler,#ff6fc5
Maribelle,Gallear,mgallearei@ow.ly,ySzle9weN,8236519651,Tampflex,10188.90,false,Java,#4bf065
Mattie,Gustus,mgustusej@booking.com,1wgu9xChGu8,7746449883,Zaam-Dox,10930.64,true,Python,#b82c8d
Lorinda,Agneau,lagneauek@amazonaws.com,Q73KIlW4C,5175136119,Aerified,11768.68,false,C,#0f2ce2
Liv,Acock,lacockel@wired.com,sPx70bke,0436155796,Veribet,10832.51,false,JavaScript,#370e57
Robb,Lecointe,rlecointeem@dailymotion.com,wajvUi,3147555267,Pannier,11564.95,true,Asembler,#0b2218
Belia,Guidetti,bguidettien@linkedin.com,PotJlG,1339894866,Treeflex,7936.89,false,Ruby,#09bfc3
Gonzalo,Chalke,gchalkeeo@mapquest.com,3Qnqsxa2MZ,6065698903,Otcom,6065.45,false,Perl,#8357f7
Hagen,McCurlye,hmccurlyeep@pcworld.com,wU61Nm,9205511528,Fixflex,15469.12,true,R,#6393a9
Arty,Gwinn,agwinneq@icq.com,fQDdY6,8271807129,Lotlux,7060.91,false,Python,#a6ce46
Tam,Fulun,tfuluner@independent.co.uk,WXb1nkyyP,6640354659,Tres-Zap,9906.21,true,C++,#be0de8
Carlos,Iddison,ciddisones@columbia.edu,yI5Dp7lyK,8678361905,Andalax,7887.75,false,Ruby,#c50593
Shanna,Gabbatt,sgabbattet@yelp.com,H5BiYiQa,7165796797,Kanlam,4617.09,true,Perl,#d029dc
Hyacintha,Blakeslee,hblakesleeeu@pinterest.com,caE3YYmEfTO,2142746233,Voltsillam,16051.73,true,C++,#f159bf
Doralynn,Tallon,dtallonev@ucoz.ru,fLh2EUzWJc6,2469092590,Namfix,12565.83,false,Python,#bfb105
Matelda,Mazdon,mmazdonew@loc.gov,Biu0Fb20m,7008958099,Bigtax,6846.92,true,Asembler,#53314f
Evy,Roadnight,eroadnightex@flickr.com,frGhIPgEMg,0691932212,It,9525.47,false,Perl,#92eed8
Raviv,Ilyinski,rilyinskiey@bbb.org,zvM4DDRdLAI,9093855263,Y-find,16662.24,false,Perl,#e5fd66
Kara-lynn,McShea,kmcsheaez@nymag.com,t7XIr4MmzI,7588529288,Y-find,5225.39,true,Asembler,#df4f54
Cecilia,Van der Velden,cvanderveldenf0@51.la,dd9P3NWS,9789054246,Konklux,18337.53,true,R,#e0aa50
Winny,Loghan,wloghanf1@dot.gov,sgc1Cf,3843335060,Bamity,18346.18,false,C,#c8a03c
Pearce,Danilyuk,pdanilyukf2@chronoengine.com,a11zPqZXv,0755335562,Home Ing,18166.46,false,Asembler,#c1f8aa
Rheta,Hanne,rhannef3@microsoft.com,XVAHdREbQL,0809143275,Bytecard,5272.75,true,Ruby,#0da29d
Harrison,Alf,halff4@sakura.ne.jp,qO82VK,7808753963,Trippledex,13613.96,false,C++,#bf5fa7
Karoline,Briar,kbriarf5@businesswire.com,mBinrVOYT,5474593457,Matsoft,19173.19,true,C,#cb4aa7
Zacherie,Labitt,zlabittf6@irs.gov,pYDVS91,0386717311,Bitchip,18434.96,true,JavaScript,#e49b6f
Phillis,Lidgley,plidgleyf7@upenn.edu,LSjZ0Dxlhuq,0966244451,Job,15607.20,false,Perl,#7a2c08
Myrlene,Shird,mshirdf8@w3.org,q5k7IZ1,3023267464,Hatity,16812.18,false,C++,#f835de
Otha,Garrigan,ogarriganf9@about.com,rus5ET,7112356474,Fintone,16987.04,false,Ruby,#770a64
Sharona,Sorsby,ssorsbyfa@irs.gov,aK2m23z3kj2,8975491803,Veribet,19867.29,false,Ruby,#bde6eb
Christoffer,Chasmar,cchasmarfb@delicious.com,2UvReKNu8S,2144518157,Aerified,16709.46,false,Java,#879de9
Peggi,Martinyuk,pmartinyukfc@va.gov,MFcvC6,4348234728,Stim,12404.96,false,C,#ec3be9
Rurik,Sandbach,rsandbachfd@techcrunch.com,2Lg0fJ,2012618766,Konklab,10408.79,false,Ruby,#711e58
Terry,Siddaley,tsiddaleyfe@umich.edu,sZIqVuxtoLX,2443217388,Bamity,11138.74,true,JavaScript,#d50b67
Ambrosi,Asee,aaseeff@ibm.com,SdB8KWsbC,3979027678,Ventosanzap,14610.12,false,Java,#183b5b
Francoise,Vedishchev,fvedishchevfg@networkadvertising.org,MqcNjziA7,8102499087,Sonsing,16851.39,false,Python,#6f3271
Polly,Quare,pquarefh@addtoany.com,w9fPGtk,4192690810,Opela,10961.62,false,JavaScript,#4c1c10
Rudd,Titley,rtitleyfi@stanford.edu,Xwu69Bxxp1UP,0056382650,Matsoft,8408.43,false,C,#5fdfbf
Hallie,Bellany,hbellanyfj@usnews.com,rCiA6FqCgWp,1564986055,Cardify,4743.02,true,C++,#a22ae8
Fairlie,de Broke,fdebrokefk@yellowpages.com,iXkQmfRR,9753245629,Aerified,18782.70,true,C++,#23b70d
Evvie,Huggens,ehuggensfl@miitbeian.gov.cn,gjnaEp,3341757007,Namfix,19296.40,true,Java,#bd8694
Kent,Bodker,kbodkerfm@booking.com,U1keo8sHVu,5670511247,Redhold,6500.52,true,JavaScript,#7c5b18
Emmit,Tratton,etrattonfn@skyrock.com,8ANE7WTiX2C,7782710642,Gembucket,16294.67,true,R,#e24324
Cory,Latchford,clatchfordfo@google.com.hk,Wzz2BWbHeQd,3425732595,Stronghold,19304.15,false,Asembler,#512925
Nealson,Manhood,nmanhoodfp@clickbank.net,77I74XkTfj,2980113654,Otcom,12737.93,true,Java,#1e08fc
Britt,Ruler,brulerfq@sbwire.com,kdp96q,8793158548,Lotlux,4893.21,true,Ruby,#d7ef12
Nannie,Baldoni,nbaldonifr@jugem.jp,MQgaQf6,1350532770,Subin,17833.77,false,Asembler,#389132
Frederico,Kellie,fkelliefs@oracle.com,YHNK7EQYhoTQ,4872412591,Zaam-Dox,14872.27,true,C,#b42b8f
Devlen,Thunnercliff,dthunnercliffft@unc.edu,aH83vq92TQ,6805368294,Alphazap,8183.50,false,R,#af2cae
Hatti,Setter,hsetterfu@imageshack.us,GjUs5G6zBf,9305802680,Alpha,4335.70,true,Java,#a9a6f3
Rudy,Gipps,rgippsfv@clickbank.net,PDOy4N4u1,3441993446,Hatity,15153.41,true,JavaScript,#cb72c8
Ferdinand,Burchfield,fburchfieldfw@jugem.jp,O398JcbM8,6923766303,Veribet,10845.98,true,Python,#6cc917
Fitz,Ison,fisonfx@prlog.org,inzpyvh,5244190601,Span,17241.59,true,C,#7a1269
Janette,Cummins,jcumminsfy@netlog.com,r3HzBg5b,1782322884,Sub-Ex,5308.47,false,Perl,#2d9655
Mellie,Burgyn,mburgynfz@purevolume.com,o3AsKgcS,7661674092,Veribet,7054.59,false,C,#9940ff
Mikol,Filippazzo,mfilippazzog0@homestead.com,cZ4TJi,7256055161,Tempsoft,11136.27,false,C,#6d56ee
Roddie,Eales,realesg1@yale.edu,LZ1BLKooo6Wg,1067818545,Matsoft,13636.29,false,Asembler,#ea9787
Sylas,Jewitt,sjewittg2@zdnet.com,dRm1gn2FTV,2176598288,Otcom,11350.80,false,Perl,#5feb2c
Alaric,Cestard,acestardg3@naver.com,3CJpXF7pWTy,1117304868,Fix San,15960.09,true,C++,#b518f8
Herman,Danaher,hdanaherg4@va.gov,RND3fqzj,4019305811,Y-Solowarm,18096.14,false,C,#df8d5d
Nils,Abotson,nabotsong5@economist.com,czFwrb9kr,5229524219,Tampflex,10242.23,false,Python,#c3c483
Daria,Haughian,dhaughiang6@umich.edu,AzmJTv,7351424225,Konklab,5341.94,true,C++,#3fc1b8
Kelley,Echelle,kechelleg7@mail.ru,b0y2hg6,5719384189,Alpha,13819.98,true,C,#7aafb7
Catarina,McAnulty,cmcanultyg8@fc2.com,lG40bv3,4760280103,Regrant,15639.50,true,Asembler,#1b638e
Damita,MacDunlevy,dmacdunlevyg9@google.fr,ifP7cy4ktv,8378056392,Stringtough,14930.77,false,JavaScript,#a8b2d9
Belicia,Libbis,blibbisga@seattletimes.com,xMqDubfAI8,3438319942,Zathin,5400.08,true,JavaScript,#539855
Pepita,Brownlie,pbrownliegb@umn.edu,1gHvuugwN,8115450324,Namfix,19092.81,false,Asembler,#741259
Sibby,Pardue,sparduegc@hugedomains.com,2YfuvYLCzRS,9156545614,Fix San,11798.73,true,C++,#d05914
Leigh,Dwine,ldwinegd@nifty.com,wRWspFzJQ,7644550275,Asoka,15771.11,false,R,#83a996
Emmett,Firks,efirksge@chronoengine.com,v38JkM8,6260919549,Stim,15418.12,false,R,#a16d74
Korney,Boseley,kboseleygf@bigcartel.com,vPyiZELSN,4889733272,It,12678.34,false,JavaScript,#4ea7e7
Sibyl,Chivers,schiversgg@hc360.com,tHDBNfgEE,0395725305,Konklux,16653.84,true,C++,#148fb0
Bendick,Dimeloe,bdimeloegh@prnewswire.com,h6LpOdTWs,0200441361,Trippledex,4561.32,false,R,#461b8e
Romy,Pautard,rpautardgi@ezinearticles.com,MrdVUMSX,2930184876,Stringtough,16827.80,true,Java,#51a75e
Angelita,McAleese,amcaleesegj@nature.com,uFU56gPvSvj,9975429963,Bytecard,7245.33,false,Asembler,#1cb568
Tedra,Casella,tcasellagk@google.com,DuT0mIwGlDVS,2142956726,Latlux,6467.36,true,C,#ed451a
Kele,Jolliman,kjollimangl@nhs.uk,yWT3Lz,6735545486,Stronghold,7720.60,true,C,#56cedc
Rivi,Smalridge,rsmalridgegm@springer.com,TjXPzAgRXZI,6565359091,Domainer,12532.94,false,Asembler,#d95dd0
Siffre,Meaton,smeatongn@dedecms.com,9yws6UHJ2g,4759051295,Y-Solowarm,10894.87,false,C++,#9a4e30
Martica,Parks,mparksgo@twitpic.com,2wXh1W08rw4,0817989269,Matsoft,4832.38,false,R,#99eaa3
Niki,Pointer,npointergp@chron.com,Aoffc8foqpY,1527852598,Fix San,5842.99,true,Java,#a70169
Donnajean,Card,dcardgq@dot.gov,46vLasWuA,6395738860,Cardguard,7360.20,false,Asembler,#0d48c3
Gennie,Tackett,gtackettgr@icio.us,kGNy5xjZ,7106120235,Holdlamis,8209.76,false,Java,#7db379
Nickolai,Addeycott,naddeycottgs@intel.com,o3g8JTOuLsR,8518427010,Zamit,17690.77,true,Perl,#ba60b1
Maryellen,Algeo,malgeogt@blogtalkradio.com,uRJYvMZi,3679632703,Fix San,13486.12,false,Java,#d4c8f3
Taddeusz,Magor,tmagorgu@photobucket.com,WZelQAFIseq,8947030929,Home Ing,12071.84,true,R,#013ab8
Kane,Brockelsby,kbrockelsbygv@tinyurl.com,jxt9qmIe2l0,7052981351,Rank,10498.90,false,C++,#324370
Bartolomeo,Yurin,byuringw@fotki.com,zHtDdRYsu,4883193594,Konklab,12839.69,false,JavaScript,#d346b6
Irvine,Sauter,isautergx@google.it,ly3Exwh9,5126435000,Bytecard,5760.81,true,C++,#b89af0
Jamil,Collingridge,jcollingridgegy@blogger.com,s00Qw7rHEVE,7294891400,Overhold,13195.45,true,Asembler,#83b7ea
Yancey,Jewson,yjewsongz@live.com,lDNsmdnlQgy,7342740225,Greenlam,12999.67,false,C,#bcfb10
Larina,Service,lserviceh0@qq.com,SkXhYgaU,3573326056,Biodex,17139.56,true,C++,#2b4594
Simona,Gurling,sgurlingh1@cocolog-nifty.com,gyO48J,3135325385,Veribet,13287.02,false,C++,#1fc0a2
Miltie,Clayden,mclaydenh2@simplemachines.org,iuZoNulNMo1u,9208197220,Redhold,15769.10,true,Perl,#2485f8
Gherardo,Gringley,ggringleyh3@odnoklassniki.ru,TYTN5BK60n,2455616088,Greenlam,18547.90,false,R,#2d1fd6
Steffi,Couronne,scouronneh4@google.cn,MqaDWJeErqA,6710622975,Mat Lam Tam,5297.79,false,Perl,#ce5b70
Kimberlyn,Hannant,khannanth5@multiply.com,2AmRBlq,2411780672,Sonair,5474.64,false,Ruby,#d262d8
Alejandra,Lamy,alamyh6@is.gd,fVNn5lPH0,5038894356,Greenlam,8742.93,true,C,#7310f7
Jack,Sanzio,jsanzioh7@craigslist.org,SwPyba,9687333863,Gembucket,12857.98,true,R,#2993d0
Merrile,Benettolo,mbenettoloh8@columbia.edu,GouxwAH,1779447124,Sonair,6552.64,false,C++,#449991
Henrie,Woodley,hwoodleyh9@boston.com,FYFfNkRG8W,5816906917,It,7317.77,false,Asembler,#2c9039
Ferd,Ruzic,fruzicha@toplist.cz,JiJRJXvoE5t5,3527645896,Otcom,8941.75,false,Ruby,#f50776
Carline,Whanstall,cwhanstallhb@vimeo.com,BGk3Nbu,6727952132,Biodex,17571.32,false,Perl,#aa51b9
Tris,Servis,tservishc@so-net.ne.jp,mF0ftisklR,0742293173,Matsoft,8652.13,true,C++,#279751
Noella,Burdfield,nburdfieldhd@homestead.com,BYjFFHcXZ,3374127940,Greenlam,6165.46,false,Python,#45b5a7
Pren,Macvain,pmacvainhe@miitbeian.gov.cn,x7rSEiusjo,4219921702,Bitchip,18147.63,true,Perl,#0affd7
Blisse,Thairs,bthairshf@hexun.com,nRE9Nh,5384451475,Hatity,13060.30,false,Perl,#1fc248
Melodie,Britney,mbritneyhg@domainmarket.com,Q8DxO3Hg1b,8056755594,Mat Lam Tam,14243.15,true,C,#4de715
Ellwood,Gravenall,egravenallhh@taobao.com,iRLynwZLevT0,6463218014,Stim,6447.75,true,Asembler,#85314c
Valentina,Pinor,vpinorhi@drupal.org,7AGzSt6b,8541712974,Vagram,16835.97,true,Java,#18ba52
Abran,Matchell,amatchellhj@psu.edu,pR8QRw9i,2717273751,Tempsoft,19419.19,true,Ruby,#8766ce
Sven,Whithalgh,swhithalghhk@google.fr,IS4xpDoS,2020450453,Lotlux,9780.08,false,Java,#059d49
Marina,Bleacher,mbleacherhl@topsy.com,n8ulwHOHW,4038282309,Stronghold,19762.68,false,C,#3b6d84
Monte,Stutt,mstutthm@abc.net.au,P27vO2Fwb3f,2106648030,Bitwolf,12674.49,true,C,#a2bd09
Karlen,Bortolini,kbortolinihn@over-blog.com,Ja6XQ3JOuMv,5991638489,Flowdesk,12821.57,false,Ruby,#ebd221
Clare,Lytlle,clytlleho@scribd.com,6F3yktJaw8,7282462801,Alphazap,6236.15,true,Asembler,#371e23
Lorelei,Gotecliffe,lgotecliffehp@123-reg.co.uk,4kequ2LBLy,1926413504,Hatity,14042.88,true,Java,#c527db
Eva,Wareham,ewarehamhq@europa.eu,aVWpstrnvW,8423916685,Alphazap,15840.25,true,Java,#a038a2
Jana,Lamblin,jlamblinhr@imgur.com,8x2xvu,8991066550,Zathin,18824.92,true,Ruby,#6ab0bb
Stepha,Beaulieu,sbeaulieuhs@mapy.cz,mHauIZutx0B,4070357823,Treeflex,17351.28,true,C,#a5f401
Roger,Bridgwood,rbridgwoodht@miitbeian.gov.cn,Au6547ez,9110331018,Matsoft,14649.58,false,Perl,#ba90c1
Berny,Woolmer,bwoolmerhu@mapquest.com,HZeniY1Tj,6789009353,Zontrax,19211.17,true,Perl,#e3406f
Mal,Viggers,mviggershv@google.cn,rWiaA1,2680579887,Fix San,16228.90,false,JavaScript,#d32969
Thomas,Driscoll,tdriscollhw@netlog.com,U9UJhTGC5d3,1039380921,Tresom,10717.02,true,R,#13ad6f
Val,Purser,vpurserhx@yellowpages.com,U5XRN5I1,9020753762,Opela,15121.07,true,JavaScript,#caaf6b
Loleta,McIlwraith,lmcilwraithhy@psu.edu,nD5dDq,9781980125,Temp,12785.98,true,R,#62b50f
Chelsae,Hambric,chambrichz@surveymonkey.com,UNIbpj,4775359584,Pannier,14711.62,true,JavaScript,#ab20ba
Malvin,Nelson,mnelsoni0@psu.edu,yjxXXJTfv,8342574784,Zamit,9399.02,false,C,#7d2c34
Stacey,Rigate,srigatei1@nsw.gov.au,h9PE4x,9269527808,Zathin,11850.02,false,Python,#221684
Vonnie,Norkett,vnorketti2@google.es,52FbuQXax,5494459365,Sonair,10622.39,true,Asembler,#af4f25
Callie,Jaine,cjainei3@barnesandnoble.com,kRK8I8E,2475628014,Y-Solowarm,9350.64,true,Ruby,#a87197
Packston,Allewell,pallewelli4@army.mil,18AsXdeC1k,1077091141,Daltfresh,11023.65,false,Java,#b80feb
Cora,Tatem,ctatemi5@topsy.com,cJEDJuwoco,3393297961,Matsoft,6290.92,false,C++,#d5747a
Ranee,Gonnin,rgonnini6@cnbc.com,2WEe4B1v4xL,8832600714,Cookley,11825.22,true,C,#3d467a
Colline,Caspell,ccaspelli7@constantcontact.com,nQrGPmG6Ku1,4490618751,Job,19218.50,true,Java,#43e23d
Philomena,Schollar,pschollari8@google.pl,j5X87FyO,7523519423,Span,13778.30,true,Java,#a7836f
Rhody,Everleigh,reverleighi9@mapy.cz,Hlcxfpws,6692543606,Trippledex,18338.24,false,Ruby,#7ff15e
Janetta,Parlour,jparlouria@apache.org,Drnykdi,4295089117,Lotlux,6832.55,false,Perl,#69a7df
Tonia,McGettigan,tmcgettiganib@spotify.com,Qi32QyVaCL,9777498403,Trippledex,5372.88,false,R,#754312
Lida,Renshell,lrenshellic@chronoengine.com,HxIqXXhZYfU,8555183723,Stronghold,16115.09,false,JavaScript,#893b69
Melonie,Egdell,megdellid@wordpress.com,WiXUl69,7614190890,Keylex,10443.94,false,Java,#41fc0a
Niles,Huckster,nhucksterie@mozilla.org,1l4UQ1,4747548076,Alphazap,5818.77,true,C,#d30993
Gertruda,Fabler,gfablerif@baidu.com,oe2UqL8i,3164082363,Bitchip,13946.84,false,Asembler,#8c9921
Rinaldo,Schimpke,rschimpkeig@intel.com,LOymok8,1784259489,Y-find,10507.43,false,Python,#9564fe
Jessey,Tillard,jtillardih@hud.gov,h5bXeQG2iN,0482529067,Overhold,5716.43,false,Python,#65effd
Coraline,Skivington,cskivingtonii@google.com,8BviXVt,4266329571,Transcof,9704.45,false,R,#fe2d0d
Siffre,Bridywater,sbridywaterij@jigsy.com,0f8OjflB6II,2907752138,Flowdesk,16268.66,false,Java,#586352
Charlotta,McElwee,cmcelweeik@uiuc.edu,8GaNl4Qrj,8301615095,Namfix,18991.02,false,R,#de2b81
Freeland,Hatliff,fhatliffil@moonfruit.com,uics65THAUX,0802823785,Bitwolf,5519.45,true,C++,#3de5e9
Ruddy,Izkoveski,rizkoveskiim@simplemachines.org,28UbKgUe9WRC,4423996812,Cardguard,11221.13,true,R,#52c381
Marie,Blainey,mblaineyin@webmd.com,2Jn3Uivsi,8179705935,Matsoft,4328.95,true,Asembler,#e9e749
Chris,Feldbau,cfeldbauio@geocities.jp,3qjkiwlO,5345384061,Konklab,12028.67,false,Asembler,#d1157e
Heidie,Schultz,hschultzip@cornell.edu,8DUHakd,0001599003,Overhold,8559.83,true,Ruby,#41701e
Archer,Flounders,afloundersiq@slate.com,9r7q11qw1ZJv,2541710070,Veribet,8154.77,true,Asembler,#921928
Amata,Norsister,anorsisterir@wordpress.com,eR1NIhTprLie,7265776534,Gembucket,16214.48,false,Perl,#8a2427
Eba,De Malchar,edemalcharis@google.co.uk,3vaBIyLt,4656003204,Home Ing,14594.88,true,Ruby,#901c78
Wilhelmina,Bridger,wbridgerit@rambler.ru,MF8BoPxn4M,9810982976,Zathin,12883.31,false,C++,#19407a
Kalle,Pohls,kpohlsiu@apache.org,et6Z4WHJqYT,4915754812,Zontrax,14059.42,true,Perl,#12d3c5
Brittan,Haukey,bhaukeyiv@topsy.com,hlYfZ1Q,0039628035,Konklab,10070.39,true,JavaScript,#0cc024
Christabella,Shrigley,cshrigleyiw@ifeng.com,ldTJaPBfORt,5837654615,Duobam,7400.72,false,C++,#420771
Aurlie,Gooderidge,agooderidgeix@aboutads.info,9xulAqwyXZwN,8320703999,Bytecard,11521.95,false,Java,#f8230e
Friederike,Drinkhill,fdrinkhilliy@joomla.org,oxUAk0YduCbF,6482136338,Y-find,10784.81,true,Perl,#186cf6
Obadiah,Cullingworth,ocullingworthiz@umich.edu,EODr4uR,8953992397,Sub-Ex,8828.40,false,JavaScript,#8cb9db
Micki,Pipkin,mpipkinj0@google.com.hk,BhmaKhFU3,9498417288,Ventosanzap,5992.42,true,Asembler,#8f8e70
Oriana,Ellacott,oellacottj1@posterous.com,uuUxtFPixu,3138701884,Sonair,10739.40,true,JavaScript,#9ab228
Wolfgang,Maides,wmaidesj2@csmonitor.com,oWE5QhYZPf,0452304490,Tampflex,7257.10,false,C++,#f74c31
Merry,Trelevan,mtrelevanj3@latimes.com,O0Jkot4,2217842862,Transcof,16978.99,false,Asembler,#0a1990
Maire,Cartwright,mcartwrightj4@usgs.gov,HQm375W,0403465648,Pannier,5573.95,true,Perl,#66fb5f
Berget,Schenkel,bschenkelj5@g.co,DkHB9OET6ts,0791046397,Flexidy,10336.74,true,C,#aa6ed3
Modestine,Derobert,mderobertj6@multiply.com,l0RRMOO2G,1178542793,Y-Solowarm,6976.89,true,C++,#3704d1
Agosto,Ivanisov,aivanisovj7@wikimedia.org,Iq2Gp0S,3484888962,Quo Lux,13590.90,true,Python,#f2f4b0
Janella,Phebey,jphebeyj8@pcworld.com,DitbD6,4313819096,Viva,13413.72,false,Asembler,#11c2fd
Dimitri,Finch,dfinchj9@linkedin.com,MAE5Thy0J,3072279306,Zaam-Dox,6426.84,true,JavaScript,#559e2b
Northrop,Sapey,nsapeyja@quantcast.com,ZPJD9c,6759136314,Stronghold,12594.64,true,Python,#2d6fb3
Claudian,Solleme,csollemejb@businesswire.com,ZFqwzhvq,9843996542,Pannier,8026.75,false,Ruby,#f589ce
Pearle,Theobold,ptheoboldjc@bizjournals.com,BbwAzgwAIhZ3,6257744652,Gembucket,17629.44,true,Java,#b1afd1
Silva,Pauncefoot,spauncefootjd@marriott.com,UBX5aLruvH4V,0272121339,Biodex,12034.10,true,Asembler,#1e8ec2
Spike,Haggath,shaggathje@ucoz.com,8R1VCrVojZR,5503347803,Stringtough,15316.99,false,Java,#c8e09a
Pincus,Leaves,pleavesjf@bloglines.com,hfCLeKZ,0164765638,Toughjoyfax,11889.24,true,Java,#24b115
Audrey,Ashwell,aashwelljg@desdev.cn,M6HJLWjst,5802600586,Konklab,8686.86,true,Python,#3718c8
Thorpe,Leng,tlengjh@archive.org,DWHLPocQOj4P,9059008022,Tempsoft,5964.53,true,Ruby,#d32164
Nikolia,Austins,naustinsji@scientificamerican.com,BRsF2AuxboR,8650970990,Vagram,14237.33,true,Asembler,#902aef
Carlynne,Juster,cjusterjj@narod.ru,HLLUd3hF,9966861769,Biodex,8574.62,true,Asembler,#4dc2b5
Baldwin,Heliet,bhelietjk@archive.org,pTcqNV9aG,1430137959,Namfix,17007.65,false,Ruby,#0c7165
Scottie,South,ssouthjl@auda.org.au,mZ1XB4V7cOMa,8023576194,Prodder,11861.43,false,R,#da40fb
Cahra,Pickup,cpickupjm@yelp.com,j64EPljv,8650333230,Veribet,12127.36,false,JavaScript,#6cd65f
Kellen,Blomefield,kblomefieldjn@marriott.com,1P0rqv6q3k,4370644879,Quo Lux,7393.91,false,Asembler,#105649
Broddie,Templar,btemplarjo@mayoclinic.com,SKpjID9,5729757271,Zathin,6898.38,false,C++,#2fcabe
Harley,Gerdes,hgerdesjp@cbsnews.com,85eMq1,4471531034,Temp,15603.14,false,Perl,#d00e42
Davina,Lasseter,dlasseterjq@bing.com,7vp88Q9rjg,5042765816,Biodex,4056.09,true,Java,#49c8ad
Michal,Lapsley,mlapsleyjr@msn.com,kVYdnPytX,2912077869,Konklab,6995.55,true,R,#503282
Ainslee,Langran,alangranjs@cornell.edu,TzY76bGNKO,8991944612,Bitchip,15914.41,true,C++,#3d2d0d
Giselle,Redmain,gredmainjt@google.ca,X6LRkaVuJ,2303929776,Pannier,6115.80,false,C++,#031c79
Elke,Palser,epalserju@infoseek.co.jp,icBkQtmh,0586629726,Stronghold,16372.24,false,C,#d4ca73
Boothe,Varnals,bvarnalsjv@noaa.gov,pf7WI3O,1573274801,Pannier,17115.44,true,Perl,#ca2bac
Stormie,Ilchenko,silchenkojw@utexas.edu,6r019yhoFH,4564568469,Home Ing,5252.05,false,Ruby,#ee8c96
Devlin,Cunradi,dcunradijx@github.com,cDuQlWQmOg,5224842786,Tresom,15863.23,true,Perl,#cbc986
Rhianon,Astling,rastlingjy@linkedin.com,f9UHcDqp,2102167607,Voyatouch,15402.67,true,R,#51d4fb
Thomasin,Farebrother,tfarebrotherjz@jalbum.net,Wqs4rVQPgP,7583735882,Daltfresh,8276.57,false,Java,#b4cbdd
Pierson,Bowgen,pbowgenk0@nhs.uk,HU2Lnh6s,4019384444,Zathin,16136.02,false,C++,#4b0a7f
Kinsley,Dewi,kdewik1@usatoday.com,6qBngfPqXOh,9458004098,Stronghold,15569.82,true,Perl,#1a996d
Ewen,Morecombe,emorecombek2@earthlink.net,xtXJ1t5ydQOb,1194687148,Bytecard,14355.54,true,Ruby,#bb711c
Brittany,Lewsey,blewseyk3@gnu.org,cOkHZ2Ou,5420486644,Greenlam,8336.01,false,C++,#2bea0e
Dallas,Tullot,dtullotk4@buzzfeed.com,6BmkjJFF,1296736954,Konklab,8806.24,false,R,#f7e0c4
Ellyn,Castiglio,ecastigliok5@prlog.org,2j85MQ,8148141207,Namfix,14811.90,false,JavaScript,#25fa00
Netty,Halpeine,nhalpeinek6@weebly.com,bFNroEP,4143324296,Y-find,8832.68,true,JavaScript,#08b5fd
Munmro,Elverston,melverstonk7@php.net,THuXOHE8YFQ,1392886058,Ronstring,12884.78,false,JavaScript,#0a83e0
Ronna,Scarffe,rscarffek8@elpais.com,AC1gdTHp,3595926218,Y-find,19634.77,true,R,#c79594
Jeffy,MacDonagh,jmacdonaghk9@hexun.com,TDGLNE,2053083492,Vagram,6595.06,false,C++,#aaa6da
Cybil,Lowry,clowryka@si.edu,LCZh4VEfOiqD,9992683961,Duobam,7641.96,true,JavaScript,#cbc509
Corenda,Mattock,cmattockkb@merriam-webster.com,uK8eDIZsJd,3450311409,Overhold,6340.06,true,JavaScript,#142f3d
Aurea,Hartas,ahartaskc@angelfire.com,y3xyNxXf1,8461603117,It,19045.82,true,R,#39b73c
Rozanna,Endean,rendeankd@prnewswire.com,kAfTAe,2930539429,Holdlamis,11735.91,false,Java,#805f46
Babette,Retallick,bretallickke@qq.com,7wST0f,4112866453,Zamit,12663.15,true,C,#547ce6
Karlen,Angeau,kangeaukf@yale.edu,Hg1YUgPvQJF,0138070814,Y-find,16472.30,true,Ruby,#7574b9
Gideon,Keattch,gkeattchkg@home.pl,P00Bahg,4720860826,Ronstring,18945.99,false,JavaScript,#c4531e
Colas,Dovinson,cdovinsonkh@mapy.cz,geY7KSP,0876804598,Zontrax,5310.43,false,R,#ae62c0
Sloan,Fake,sfakeki@people.com.cn,8XMgceC4T,1497959845,Alphazap,10688.81,true,Perl,#3854fb
Pascal,Corbert,pcorbertkj@tripadvisor.com,aXSvUBV,8544487742,Zoolab,19333.61,true,R,#a4fe2e
Allix,Forsdicke,aforsdickekk@mac.com,qs7Ie2SoW,1104161508,Zontrax,18416.70,false,Asembler,#8f3ce6
Gerhardt,Andreuzzi,gandreuzzikl@ucsd.edu,IhmdrG,3021844855,Zamit,16526.70,false,JavaScript,#84453b
Alysa,Keunemann,akeunemannkm@canalblog.com,oNYmF7dS,2527503322,Opela,15757.07,false,Perl,#e1e3d5
Silvie,Redwood,sredwoodkn@nifty.com,XMiMeE88,1921452293,Tin,14295.67,true,R,#d9f636
Burr,Eagland,beaglandko@globo.com,FGPuK5,2315111137,Trippledex,9639.30,true,R,#d59532
Joel,Gookes,jgookeskp@meetup.com,mRBQuQ5q6L,7796024851,Duobam,11282.71,false,C++,#6b749e
Tristan,Petriello,tpetriellokq@gov.uk,OmXQORETJY,7854148090,Fixflex,18509.24,true,Asembler,#36fb44
Loella,Spanton,lspantonkr@sohu.com,mKE3w1dtC,7938338923,Zoolab,19240.67,false,JavaScript,#5cc9f5
Bernhard,Enns,bennsks@cdbaby.com,jKnR9y,2102421724,Treeflex,8925.11,false,Asembler,#84830c
Adriano,Godbold,agodboldkt@google.com.au,jvCurVcUV2LI,5179424410,Matsoft,19610.13,false,C,#b8175d
Michal,Gerald,mgeraldku@cnn.com,wJrNAjjT2,7625890961,Opela,18793.76,true,Java,#96954a
Georgena,Woollacott,gwoollacottkv@mapquest.com,eGXDRHb,3776743492,Veribet,16944.77,true,Asembler,#cab350
Lethia,McQuillin,lmcquillinkw@redcross.org,fhdPyPXhnl,5532435537,Cookley,13546.13,false,Python,#3462e2
Ibby,McCroary,imccroarykx@examiner.com,Gm6l7ksS,4167281589,Gembucket,8005.64,false,Ruby,#4779bd
Benedicto,Digges,bdiggesky@narod.ru,zToEfFuY,4230073763,Stringtough,6405.51,true,JavaScript,#2151bb
Pammie,Cromett,pcromettkz@vimeo.com,zRlvK0o,9046149072,Aerified,19275.95,false,C++,#1aa1f8
Lindon,Swanwick,lswanwickl0@instagram.com,pEkcVfMlKEh,4695046202,It,16074.28,true,Ruby,#0dcc78
Joyan,Garroway,jgarrowayl1@ftc.gov,k9iWsW,8375999458,Keylex,12582.63,true,C,#2e5754
Derrik,Esslement,desslementl2@soundcloud.com,XPX1uwXMWwFH,9047117883,Subin,14707.41,false,Ruby,#53d66b
Doe,Naton,dnatonl3@phoca.cz,D1c7gkDlVye,7253631080,Namfix,9877.35,true,Perl,#901509
Johny,Dodworth,jdodworthl4@psu.edu,NGIaKpX5,5497005721,Alphazap,18789.30,false,R,#3e3072
Pia,Pineaux,ppineauxl5@blogs.com,wo81pxviX,4265752691,Sonair,19733.45,true,R,#8a42fd
Gustie,Starmore,gstarmorel6@icio.us,hKcKFlAJ,6791620854,Cookley,11305.07,false,JavaScript,#9cefe8
Brody,Blagbrough,bblagbroughl7@typepad.com,GDTuBambHLY,8729579147,Fixflex,6937.96,true,JavaScript,#b5c37b
Emerson,Ivimy,eivimyl8@nsw.gov.au,5GNXuduvlVWC,8966656900,Pannier,18545.07,true,C,#10c3d6
Claudius,Lombardo,clombardol9@unicef.org,mgNbHJKPk,6044945421,Asoka,10965.46,false,C++,#444e31
Dorey,Kemsley,dkemsleyla@umich.edu,m9tHr7Nvx,3815466644,Fixflex,15983.68,true,C,#2a852d
Karoline,Mycock,kmycocklb@purevolume.com,5nUmyajVWSEt,1846714621,Ronstring,10625.95,false,JavaScript,#b576e5
Velma,Buckingham,vbuckinghamlc@blogtalkradio.com,w9C1DotC,1584263350,Holdlamis,16720.99,true,Perl,#e4c4e1
Jorey,Baiss,jbaissld@elegantthemes.com,chJQnVTJ10,0438970365,Zaam-Dox,5935.83,true,Java,#de3e8a
Balduin,Van Driel,bvandrielle@yahoo.co.jp,BElJi5UY2W,0913524506,Matsoft,4277.97,true,JavaScript,#699dba
Penni,Kaveney,pkaveneylf@squidoo.com,iGcSVdd5HTHp,1054230374,Vagram,14332.45,false,R,#175908
Mareah,Dallow,mdallowlg@usda.gov,tAQB7LMLS5oW,8020113835,Zamit,12886.65,false,C++,#e8472b
Silvia,Ridge,sridgelh@jugem.jp,UnwekUd,5389798856,Tres-Zap,11982.82,true,Java,#f662c6
Hedwiga,McKelvey,hmckelveyli@cdc.gov,zncnG9JNz8z,1722649526,Namfix,16697.30,false,R,#22fdfb
Esmaria,Kornilov,ekornilovlj@google.ru,4gI2Rx,2300229382,Tresom,17533.72,false,Python,#9e25c5
Penelope,Jacmard,pjacmardlk@sciencedaily.com,VriGYt77T,0108441466,Fix San,15216.44,false,C++,#eeea4c
Pru,Iorizzi,piorizzill@studiopress.com,S6aFY7h,6579546093,Job,5823.14,true,Java,#3e28dc
Bud,Rossin,brossinlm@homestead.com,wRmLZ9n2M4S1,3602433560,Sonair,7857.57,true,Python,#9d8b28
Kaile,Ortell,kortellln@hugedomains.com,CSsdJejdS,9657004861,Alphazap,13013.67,true,C,#bf818b
Hally,Tait,htaitlo@cyberchimps.com,UliUWuhnRG,0932836461,Prodder,9462.47,false,Ruby,#c451b3
Penny,Wisbey,pwisbeylp@blogtalkradio.com,W85tZrrcm,6352788297,Ventosanzap,19788.56,false,Asembler,#8e915e
Haslett,Hastilow,hhastilowlq@bbc.co.uk,7ZI4TG9K0J,6868106157,Hatity,7792.38,false,Java,#4d086c
Flinn,Robottham,frobotthamlr@utexas.edu,68couXu,5972939827,Tresom,16593.45,false,C++,#f996dc
Bartholomeus,Roydon,broydonls@typepad.com,62UEvL,0755374487,Greenlam,14256.51,true,Perl,#79e53e
Geoffrey,Spacey,gspaceylt@slashdot.org,tH12ug8bwMB,0419054901,Gembucket,12467.71,true,Java,#d1c456
Salaidh,Enstone,senstonelu@va.gov,e0hxSFK,4938777118,Tin,11836.87,true,Asembler,#863930
Jasun,Durber,jdurberlv@fda.gov,PmB9NJ1n,7510790956,Ventosanzap,18298.39,false,C,#6a9450
Penny,Pledger,ppledgerlw@scientificamerican.com,6Ukg2pLB925r,0450851583,Domainer,15862.96,false,C,#6a3c0e
Colette,Czapla,cczaplalx@mac.com,6qw8yGzLVDHS,3325527574,Holdlamis,16453.39,true,C++,#d88e77
Karoly,Roland,krolandly@is.gd,jhCwkwfa9,3609459921,Cookley,11144.16,true,Python,#3fe87b
Dedie,Lindsay,dlindsaylz@mozilla.com,ATIFLkHX,5608997670,Sub-Ex,10242.47,false,R,#6381fb
Gilburt,La Padula,glapadulam0@symantec.com,gpTkvRtDzO3N,3541229519,Konklux,19329.94,true,Ruby,#714665
Bea,Rainger,braingerm1@netscape.com,7acEMw3Y,9544501665,Pannier,14525.25,true,Python,#384b4d
Elvera,Goldsack,egoldsackm2@hatena.ne.jp,nbbbQ49bcdsq,2717847650,Cardify,8676.00,false,C++,#8a0ce0
Hilton,Juster,hjusterm3@hexun.com,eIYOjIA,1205550712,Regrant,15209.62,true,Perl,#865859
Kalina,Janaway,kjanawaym4@amazon.de,X6mkP6vO,4934083197,Subin,19500.51,true,C++,#43c5f9
Leena,Siret,lsiretm5@webeden.co.uk,C45VWoFk,7312548008,Greenlam,4141.26,false,R,#731743
Shandra,McGucken,smcguckenm6@tinypic.com,5fsQPDuIqBj,3802125568,Zontrax,10796.43,false,Perl,#fd7d94
Freddie,Anglim,fanglimm7@buzzfeed.com,IP33XjMz,2284955665,Tempsoft,10018.87,false,JavaScript,#e9d550
Adina,Vockins,avockinsm8@ask.com,O4JSRwvlOzd,6165298362,Y-Solowarm,17825.99,false,Python,#0c520c
Sayre,Bliven,sblivenm9@geocities.jp,RAuEAFX5,2377254918,Stim,10956.84,false,C,#311e79
Hakim,Shailer,hshailerma@nifty.com,qCOROWYB,5446522583,Treeflex,16703.65,false,Python,#ef092a
Prissie,Vidloc,pvidlocmb@marketwatch.com,xe53lx4Bto,4712735961,Solarbreeze,18325.51,false,Asembler,#015955
Ninon,Canaan,ncanaanmc@i2i.jp,PNbvNJtTOc,5802033320,Otcom,13793.57,true,R,#44fe72
Gerry,Noseworthy,gnoseworthymd@xing.com,uMDlYgMKt,5772055968,Stronghold,4661.17,false,C++,#e01cb0
Coreen,Hallowes,challowesme@squidoo.com,JliQ02wLQjX,1527497380,Zaam-Dox,8580.58,true,R,#e6cbf9
Johnath,Culbert,jculbertmf@ehow.com,VXrnatQD,7309579267,Rank,16467.63,false,C,#bb3bd9
Francine,Ruller,frullermg@sakura.ne.jp,Uuk6B95qey3,6591550925,Tin,18469.10,false,Python,#2c75a2
Lorilee,Selbach,lselbachmh@netlog.com,DUyHyNx0WFJ,4333372941,Zoolab,8680.19,true,Perl,#8b38ba
Mahala,Petrelli,mpetrellimi@businesswire.com,Sk4Kbnpp5ej,3992882640,Home Ing,4571.02,true,C++,#473516
Guinevere,Burry,gburrymj@google.pl,WBEXftuO,3570888983,Fix San,14124.81,false,Python,#ecb870
Ferdy,Foort,ffoortmk@phoca.cz,LmKNtv6Fbcz,3103359292,Flexidy,5648.92,false,Java,#35de0e
Ethyl,Paolillo,epaolilloml@wunderground.com,3MTDUEjhS2R,9160841656,Flowdesk,17620.64,true,Python,#79f419
Elva,Swannick,eswannickmm@nyu.edu,eWTS32AP,1369798512,Trippledex,17057.10,false,Perl,#cde38a
Eudora,Marlowe,emarlowemn@scribd.com,BrwBl6hhSIZ,4732184952,Opela,14793.89,false,Asembler,#6ab413
Brandie,Elcomb,belcombmo@auda.org.au,4O8ZQioce,1834555396,Redhold,19430.20,false,Python,#5e4612
Ninetta,Bentjens,nbentjensmp@last.fm,D0mq6V,2722746360,Hatity,19889.19,false,C++,#15caf7
Leonelle,Yesipov,lyesipovmq@vistaprint.com,O1so3NCx2uS,2953988726,Flowdesk,10995.90,true,C,#911493
Luelle,Chestle,lchestlemr@usgs.gov,UfJa7m8O,1483360385,Stronghold,11556.24,false,Perl,#b8ec8c
Mickie,Beades,mbeadesms@apple.com,6gtK8smJU0Zc,8790264843,Tresom,11292.26,true,Asembler,#8c9b0b
Daile,Weatherhead,dweatherheadmt@yellowpages.com,kkv2HKnOYAuu,5148623837,Daltfresh,4312.31,false,JavaScript,#d70942
Binnie,Zanazzi,bzanazzimu@google.it,wrVWsVdKc,7329168998,Bitchip,6663.61,false,C,#5123d0
Stacey,Moubray,smoubraymv@multiply.com,aIBrAtCd,3205919432,Tempsoft,19063.56,false,JavaScript,#a1ad58
Nerti,Regardsoe,nregardsoemw@indiegogo.com,NzOTncj,1028305834,Home Ing,17808.85,true,Python,#bceceb
Clemens,Thecham,cthechammx@cnet.com,GboaRlrh,6157693568,Zamit,13124.85,false,Perl,#7a0fa5
Sergent,Asgodby,sasgodbymy@kickstarter.com,zs152KWHS,6946048520,Wrapsafe,6318.80,true,Perl,#ebf77b
Hamlin,McLeoid,hmcleoidmz@gravatar.com,SPx7DRpBA7,2687703214,Voltsillam,15825.93,false,C++,#20a395
Katrina,Hallard,khallardn0@simplemachines.org,4kt2AFiMbf,8964388550,Ventosanzap,9355.38,true,C++,#5df04c
Berkly,Walas,bwalasn1@bandcamp.com,lDNbAqVIRu,4407905778,Sonsing,17825.40,false,R,#e5864a
Rosana,Meran,rmerann2@independent.co.uk,iNisnPCUZUc,6876890139,Span,8714.00,true,Asembler,#702a56
Bamby,Aggott,baggottn3@github.com,iB0UeDWldyE,1931517940,Veribet,12939.87,true,Perl,#615aa3
Lurleen,Boice,lboicen4@hatena.ne.jp,RsbfIVxc,4082375619,Bigtax,11836.99,false,R,#9780fe
Estella,Bransom,ebransomn5@altervista.org,lZ6XXALZvdD,6741221336,Cardguard,11852.00,true,Perl,#7bec91
Dinny,Binney,dbinneyn6@google.co.uk,o5m1Fv,6926599165,Stringtough,8165.06,false,Asembler,#ea3e36
Tammy,Pieterick,tpieterickn7@mozilla.com,GeonKk,5920353635,Latlux,17950.57,true,Perl,#e19740
Guenna,Derisley,gderisleyn8@opera.com,SWgeeYF,0411102346,Treeflex,18495.13,true,R,#00106d
Carmel,Hush,chushn9@homestead.com,1n2tpLKmMQy,9458897297,Temp,7480.08,true,JavaScript,#a23c67
Nickey,Cleminshaw,ncleminshawna@pcworld.com,ciHl9h56ee,9168697651,Zaam-Dox,5669.86,false,Java,#a33fc8
Meagan,Waiting,mwaitingnb@webs.com,dS5MTltZpmUR,8587982265,Zoolab,5148.64,false,JavaScript,#8cbd0c
Garek,Wedlock,gwedlocknc@adobe.com,V6Rs1ii,4966301653,Tres-Zap,7821.10,true,C,#91bf6c
Elston,Papworth,epapworthnd@bloomberg.com,I126uNTX,2905999489,Home Ing,17521.66,false,Perl,#4c9b56
Godfry,Preskett,gpreskettne@webs.com,zDcRIyBmn1,5606063573,Fixflex,13632.74,false,Java,#641dc1
Jacquetta,Scawton,jscawtonnf@cmu.edu,uTnbNUsLF,8349863242,Redhold,5936.36,false,Python,#11b4ad
Myranda,Brudenell,mbrudenellng@timesonline.co.uk,NZwCZ0Un7,4687711073,Prodder,13432.05,false,Asembler,#13830a
Gasper,Elston,gelstonnh@foxnews.com,UJ8vIgZh,0730723194,Domainer,13062.99,false,JavaScript,#e20f63
Marnia,Kemmis,mkemmisni@mac.com,F3SLu5sf0,4662228468,Flexidy,14874.94,false,Ruby,#5cf7ca
Lucretia,Liell,lliellnj@foxnews.com,uDopfkgTptvD,5693771245,Stronghold,4458.97,true,Java,#2f6e3c
Michal,Sara,msarank@tinyurl.com,CZEyXDfg3x,2726194362,Sub-Ex,13356.73,true,Perl,#c2f6af
Kandy,Gritskov,kgritskovnl@nature.com,wDaYmLDlNUM,5686751986,Home Ing,16464.66,false,Ruby,#aa1334
Daveen,Marsh,dmarshnm@vistaprint.com,kbA8cJFUz,1297161408,Konklux,11574.76,false,C++,#3661a8
Kimmie,Coughlin,kcoughlinnn@umich.edu,aRrF3zi4mk,3311547497,Viva,4197.55,false,Ruby,#da78a9
Amye,Gonnel,agonnelno@yale.edu,cdrSUTAR,3068737400,Regrant,8246.61,true,Python,#b7e463
Bambi,Tayspell,btayspellnp@fema.gov,2H4MCagBKVC,4584306583,Sub-Ex,12833.10,true,JavaScript,#9378a2
Rockie,Ferencowicz,rferencowicznq@t.co,JXwIJFJ,8997197010,Tin,16943.84,true,Asembler,#0435c0
Vitoria,Wormstone,vwormstonenr@bigcartel.com,XkRWxA9,4268633014,Flowdesk,10152.28,true,R,#620026
Berti,Reary,brearyns@ca.gov,34NsblFh,4287739183,Voltsillam,7144.32,false,Asembler,#80a322
Julienne,Blakes,jblakesnt@yandex.ru,WZIEZL,0756651220,Viva,4966.21,false,C++,#f867ea
Claude,Eggerton,ceggertonnu@51.la,FerrPfDg3,3480966772,Temp,5127.74,true,JavaScript,#0d2aeb
Kennett,Dalyiel,kdalyielnv@reference.com,hFI78fbfa,7200870617,Bitwolf,6748.88,true,Java,#08c227
Kial,Oldcroft,koldcroftnw@netlog.com,qt5x4zeQ5NH6,9373086316,Voltsillam,15933.60,false,JavaScript,#f8b955
Rudolph,Tyrwhitt,rtyrwhittnx@artisteer.com,d7mTZyhU,4588733125,It,19143.13,false,C,#f90365
Avis,Veysey,aveyseyny@usa.gov,u5N48Sw,0518929442,Voyatouch,9795.91,true,Perl,#c228fd
Towney,Peyzer,tpeyzernz@squarespace.com,VEg5tof7Ai,0437873080,Stringtough,11273.99,true,Perl,#981177
Gray,Thumim,gthumimo0@hp.com,dL7Jiq,0819444952,Ronstring,13352.58,true,Perl,#ac9464
Hewe,Larwell,hlarwello1@youtu.be,9oUtnWl,1552937372,Stronghold,5776.57,false,Asembler,#00ccd7
Janna,Pendrigh,jpendrigho2@tmall.com,9lxLuWb82xw,2792702990,Rank,18444.39,true,Ruby,#c463d0
Harmon,Brill,hbrillo3@apache.org,YlBAdyS,3425506021,Overhold,19915.43,false,Python,#efe93a
Lanny,Speke,lspekeo4@dedecms.com,P4dnxkvDB,9326534278,Home Ing,7872.79,true,Perl,#f8724a
Korney,Norridge,knorridgeo5@mediafire.com,nSDvklf,0118607189,Tin,16332.45,false,Asembler,#d79b62
Gaston,Beahan,gbeahano6@xrea.com,nDAZbI0JW4i6,9086261892,Mat Lam Tam,8708.09,true,Python,#c7316b
Gretel,Loveless,glovelesso7@flavors.me,lDjiAO3,8455048018,Subin,15785.51,false,Python,#62e7a0
Teresa,Pesterfield,tpesterfieldo8@mayoclinic.com,k5aljaWcoxd,1812335261,Sub-Ex,9829.13,false,R,#264ed0
Virgil,Adriaens,vadriaenso9@constantcontact.com,bYy4KagN11,3466710685,Temp,15898.11,false,JavaScript,#64c252
Emalee,Sarle,esarleoa@chron.com,2Vy98YRhi,3512273262,Alphazap,14576.68,true,Ruby,#9cb9d0
Daryn,Claricoats,dclaricoatsob@cafepress.com,ebwa09Bpwh8V,0298495171,Sonsing,13358.92,false,JavaScript,#8919be
Tallie,Aleshkov,taleshkovoc@cpanel.net,ebXeYl,4793220142,Job,10669.81,false,Java,#01440e
Mendel,Unworth,munworthod@i2i.jp,K0pJE6S,1844929264,Wrapsafe,7970.33,false,JavaScript,#cbcd27
Gwennie,Ruddiforth,gruddiforthoe@shutterfly.com,95f3sZ,4592425901,Regrant,7961.96,true,Python,#db4863
Cristobal,Ilyuchyov,cilyuchyovof@scribd.com,ncKWHv0iMCk,6083954681,Zaam-Dox,14420.83,false,JavaScript,#70c2ba
Mignon,Calton,mcaltonog@ed.gov,IMgpknG,5361144754,Stringtough,19668.18,true,Perl,#c4d13f
Leonard,Lambird,llambirdoh@cnet.com,hkBIgyzft,0374491216,Ventosanzap,8488.47,false,Asembler,#06a951
Velma,Halburton,vhalburtonoi@scribd.com,R2FZW3j,5951320283,Namfix,4825.83,false,C,#6d7e92
Alphard,Palphreyman,apalphreymanoj@g.co,0Rrw0Rc,2823035958,Span,8452.36,true,Perl,#55c0ff
Rob,Howbrook,rhowbrookok@walmart.com,FmR4rjrF,1405696745,Ventosanzap,15251.46,true,JavaScript,#f4d995
Leo,Chadwin,lchadwinol@rakuten.co.jp,lqRwnkGQ3QC,5843650251,Hatity,9505.15,false,C,#66a246
Brooks,Baylis,bbaylisom@dion.ne.jp,LRaQCMR5M0gX,5196925317,Bigtax,14577.75,true,Perl,#8bfd1c
Cazzie,Olechnowicz,colechnowiczon@yandex.ru,HYj2HA,4625624622,Ronstring,11261.85,true,R,#32457a
Adelind,Powe,apoweoo@gnu.org,7sqsYODb8eS,8806571680,Zoolab,5853.70,true,Perl,#33f1b5
Ruy,Jiles,rjilesop@cbc.ca,lJ1kkMCkasr,9856926300,Mat Lam Tam,17361.13,false,C++,#936044
Dallon,Austen,daustenoq@homestead.com,0O7Cb6,3176000278,Konklab,16449.75,false,C++,#dec8b1
Biron,Kerfut,bkerfutor@altervista.org,bFAfpFB4r,6370285366,Tampflex,19729.55,true,Perl,#ece15c
Irena,Saunier,isaunieros@paginegialle.it,IYt9D5w5fL,7198017428,Span,14339.91,true,Ruby,#03b05a
Jourdain,Cawdell,jcawdellot@barnesandnoble.com,dZC1cFNY9jUo,7223575433,Konklux,7116.49,false,Ruby,#a0316f
Even,Surmeyer,esurmeyerou@ihg.com,GOr0aHQwmF,5595992883,Solarbreeze,9964.30,false,Perl,#82af5a
Raff,Goodnow,rgoodnowov@usnews.com,0iADRau,5561562797,Fixflex,10585.61,false,Python,#1916e9
Onofredo,Hambleton,ohambletonow@bravesites.com,UjqnohPm,4544259207,Zamit,14481.63,false,Java,#bd8588
George,Daws,gdawsox@tripod.com,NhlYDP,9954438416,Prodder,7037.17,true,R,#c16bcb
Niles,Hawtry,nhawtryoy@arizona.edu,VJHsXuOo66,4882785595,Matsoft,8424.23,false,C++,#998984
Jasun,Conlaund,jconlaundoz@shinystat.com,elbIWp4X,7864459544,Fix San,6326.01,false,R,#c7ac21
